,price
2007-01-03,38.52
2007-01-04,38.51
2007-01-05,38.25
2007-01-08,38.31
2007-01-09,38.52
2007-01-10,38.72
2007-01-11,39.15
2007-01-12,39.26
2007-01-16,39.4
2007-01-17,39.4
2007-01-18,39.62
2007-01-19,39.61
2007-01-22,39.36
2007-01-23,39.5
2007-01-24,39.65
2007-01-25,39.02
2007-01-26,38.83
2007-01-29,38.93
2007-01-30,39.04
2007-01-31,39.46
2007-02-01,39.6
2007-02-02,39.71
2007-02-05,39.58
2007-02-06,39.72
2007-02-07,39.91
2007-02-08,39.83
2007-02-09,39.46
2007-02-12,39.27
2007-02-13,39.62
2007-02-14,39.82
2007-02-15,39.95
2007-02-16,39.9
2007-02-20,40.19
2007-02-21,40.03
2007-02-22,39.94
2007-02-23,39.85
2007-02-26,39.51
2007-02-27,38.15
2007-02-28,38.23
2007-03-01,38.06
2007-03-02,37.78
2007-03-05,37.28
2007-03-06,37.92
2007-03-07,37.88
2007-03-08,38.18
2007-03-09,38.26
2007-03-12,38.21
2007-03-13,37.51
2007-03-14,37.44
2007-03-15,37.52
2007-03-16,37.32
2007-03-19,37.87
2007-03-20,38.15
2007-03-21,38.75
2007-03-22,38.64
2007-03-23,38.66
2007-03-26,38.47
2007-03-27,38.23
2007-03-28,37.8
2007-03-29,37.93
2007-03-30,38.03
2007-04-02,38.16
2007-04-03,38.65
2007-04-04,38.54
2007-04-05,38.85
2007-04-09,38.82
2007-04-10,38.9
2007-04-11,38.6
2007-04-12,38.87
2007-04-13,38.9
2007-04-16,39.29
2007-04-17,39.45
2007-04-18,39.42
2007-04-19,39.11
2007-04-20,39.57
2007-04-23,39.49
2007-04-24,39.35
2007-04-25,39.75
2007-04-26,39.69
2007-04-27,39.43
2007-04-30,38.93
2007-05-01,39.04
2007-05-02,39.49
2007-05-03,39.41
2007-05-04,39.5
2007-05-07,39.5
2007-05-08,39.33
2007-05-09,39.57
2007-05-10,39.14
2007-05-11,39.3
2007-05-14,39.3
2007-05-15,39.16
2007-05-16,39.3
2007-05-17,39.36
2007-05-18,39.72
2007-05-21,39.87
2007-05-22,39.83
2007-05-23,39.85
2007-05-24,39.53
2007-05-25,39.67
2007-05-29,39.64
2007-05-30,40.0
2007-05-31,40.1
2007-06-01,40.33
2007-06-04,40.41
2007-06-05,40.17
2007-06-06,39.66
2007-06-07,38.92
2007-06-08,39.42
2007-06-11,39.29
2007-06-12,38.97
2007-06-13,39.42
2007-06-14,39.7
2007-06-15,39.83
2007-06-18,39.66
2007-06-19,39.79
2007-06-20,39.72
2007-06-21,39.65
2007-06-22,39.39
2007-06-25,39.23
2007-06-26,38.96
2007-06-27,39.36
2007-06-28,39.28
2007-06-29,39.33
2007-07-02,39.54
2007-07-03,39.6
2007-07-05,39.81
2007-07-06,40.17
2007-07-09,40.02
2007-07-10,39.31
2007-07-11,39.54
2007-07-12,39.85
2007-07-13,40.05
2007-07-16,39.89
2007-07-17,39.93
2007-07-18,39.88
2007-07-19,39.97
2007-07-20,39.46
2007-07-23,39.52
2007-07-24,38.9
2007-07-25,38.77
2007-07-26,37.63
2007-07-27,37.04
2007-07-30,37.57
2007-07-31,37.0
2007-08-01,37.05
2007-08-02,37.52
2007-08-03,36.37
2007-08-06,36.95
2007-08-07,37.16
2007-08-08,37.58
2007-08-09,36.52
2007-08-10,36.36
2007-08-13,36.56
2007-08-14,35.63
2007-08-15,35.25
2007-08-16,35.3
2007-08-17,35.55
2007-08-20,35.74
2007-08-21,35.98
2007-08-22,36.46
2007-08-23,36.32
2007-08-24,37.05
2007-08-27,36.54
2007-08-28,35.66
2007-08-29,36.78
2007-08-30,36.63
2007-08-31,37.23
2007-09-04,37.28
2007-09-05,36.69
2007-09-06,36.78
2007-09-07,35.9
2007-09-10,35.71
2007-09-11,36.11
2007-09-12,36.13
2007-09-13,36.63
2007-09-14,36.87
2007-09-17,36.42
2007-09-18,37.84
2007-09-19,37.91
2007-09-20,37.16
2007-09-21,37.1
2007-09-24,36.79
2007-09-25,36.31
2007-09-26,36.83
2007-09-27,36.65
2007-09-28,36.83
2007-10-01,37.31
2007-10-02,37.3
2007-10-03,37.51
2007-10-04,37.32
2007-10-05,38.15
2007-10-08,37.9
2007-10-09,37.96
2007-10-10,37.8
2007-10-11,37.63
2007-10-12,37.82
2007-10-15,37.22
2007-10-16,37.1
2007-10-17,37.14
2007-10-18,36.8
2007-10-19,35.98
2007-10-22,36.3
2007-10-23,36.47
2007-10-24,36.35
2007-10-25,36.13
2007-10-26,36.55
2007-10-29,36.65
2007-10-30,36.54
2007-10-31,36.65
2007-11-01,35.72
2007-11-02,35.7
2007-11-05,35.22
2007-11-06,35.53
2007-11-07,34.8
2007-11-08,34.7
2007-11-09,33.91
2007-11-12,33.96
2007-11-13,34.9
2007-11-14,34.35
2007-11-15,34.02
2007-11-16,34.01
2007-11-19,33.26
2007-11-20,33.29
2007-11-21,32.97
2007-11-23,33.55
2007-11-26,32.68
2007-11-27,33.2
2007-11-28,34.49
2007-11-29,34.15
2007-11-30,34.65
2007-12-03,34.47
2007-12-04,34.36
2007-12-05,34.31
2007-12-06,34.61
2007-12-07,34.9
2007-12-10,34.92
2007-12-11,33.8
2007-12-12,33.91
2007-12-13,33.69
2007-12-14,33.25
2007-12-17,32.94
2007-12-18,33.25
2007-12-19,32.95
2007-12-20,33.11
2007-12-21,32.94
2007-12-24,33.55
2007-12-26,33.44
2007-12-27,32.97
2007-12-28,32.82
2007-12-31,32.7
2008-01-02,32.2
2008-01-03,31.84
2008-01-04,30.84
2008-01-07,30.95
2008-01-08,30.35
2008-01-09,30.57
2008-01-10,31.0
2008-01-11,30.26
2008-01-14,30.53
2008-01-15,29.87
2008-01-16,30.25
2008-01-17,29.66
2008-01-18,29.52
2008-01-22,30.1
2008-01-23,31.2
2008-01-24,31.51
2008-01-25,30.86
2008-01-28,31.35
2008-01-29,31.47
2008-01-30,31.27
2008-01-31,32.58
2008-02-01,32.87
2008-02-04,32.4
2008-02-05,31.49
2008-02-06,31.15
2008-02-07,31.75
2008-02-08,31.57
2008-02-11,31.9
2008-02-12,31.96
2008-02-13,32.37
2008-02-14,32.06
2008-02-15,32.23
2008-02-19,31.86
2008-02-20,32.3
2008-02-21,31.53
2008-02-22,32.22
2008-02-25,32.65
2008-02-26,32.97
2008-02-27,32.9
2008-02-28,32.12
2008-02-29,31.32
2008-03-03,31.25
2008-03-04,31.2
2008-03-05,31.21
2008-03-06,30.45
2008-03-07,30.16
2008-03-10,29.71
2008-03-11,30.62
2008-03-12,30.44
2008-03-13,30.55
2008-03-14,30.04
2008-03-17,29.61
2008-03-18,30.93
2008-03-19,30.4
2008-03-20,31.25
2008-03-24,32.28
2008-03-25,32.03
2008-03-26,31.47
2008-03-27,31.13
2008-03-28,30.53
2008-03-31,30.89
2008-04-01,32.1
2008-04-02,32.39
2008-04-03,32.2
2008-04-04,32.05
2008-04-07,31.93
2008-04-08,31.86
2008-04-09,31.16
2008-04-10,31.49
2008-04-11,30.84
2008-04-14,30.69
2008-04-15,30.65
2008-04-16,31.33
2008-04-17,31.47
2008-04-18,32.07
2008-04-21,32.07
2008-04-22,31.49
2008-04-23,31.6
2008-04-24,32.04
2008-04-25,32.36
2008-04-28,32.37
2008-04-29,32.58
2008-04-30,32.04
2008-05-01,33.26
2008-05-02,33.19
2008-05-05,32.79
2008-05-06,32.96
2008-05-07,32.34
2008-05-08,32.39
2008-05-09,32.2
2008-05-12,32.86
2008-05-13,32.98
2008-05-14,33.29
2008-05-15,33.67
2008-05-16,33.44
2008-05-19,33.35
2008-05-20,32.85
2008-05-21,32.23
2008-05-22,32.25
2008-05-23,31.7
2008-05-27,31.94
2008-05-28,31.94
2008-05-29,32.5
2008-05-30,32.3
2008-06-02,32.0
2008-06-03,32.03
2008-06-04,32.13
2008-06-05,32.64
2008-06-06,31.26
2008-06-09,31.24
2008-06-10,31.37
2008-06-11,30.7
2008-06-12,30.88
2008-06-13,31.72
2008-06-16,31.62
2008-06-17,31.25
2008-06-18,30.63
2008-06-19,31.0
2008-06-20,29.88
2008-06-23,29.56
2008-06-24,29.75
2008-06-25,29.99
2008-06-26,28.71
2008-06-27,28.6
2008-06-30,28.28
2008-07-01,28.3
2008-07-02,27.81
2008-07-03,27.96
2008-07-07,27.12
2008-07-08,28.45
2008-07-09,27.85
2008-07-10,27.13
2008-07-11,26.76
2008-07-14,26.68
2008-07-15,26.62
2008-07-16,27.72
2008-07-17,28.65
2008-07-18,28.65
2008-07-21,28.2
2008-07-22,28.95
2008-07-23,29.36
2008-07-24,28.57
2008-07-25,28.4
2008-07-28,27.71
2008-07-29,28.75
2008-07-30,28.76
2008-07-31,28.42
2008-08-01,28.4
2008-08-04,28.43
2008-08-05,29.7
2008-08-06,29.62
2008-08-07,29.01
2008-08-08,30.43
2008-08-11,31.29
2008-08-12,30.88
2008-08-13,30.44
2008-08-14,30.89
2008-08-15,31.22
2008-08-18,30.69
2008-08-19,30.1
2008-08-20,29.87
2008-08-21,29.99
2008-08-22,30.69
2008-08-25,29.83
2008-08-26,29.9
2008-08-27,30.12
2008-08-28,30.82
2008-08-29,30.53
2008-09-02,31.1
2008-09-03,31.26
2008-09-04,30.22
2008-09-05,30.28
2008-09-08,31.65
2008-09-09,31.05
2008-09-10,30.73
2008-09-11,31.2
2008-09-12,31.2
2008-09-15,30.15
2008-09-16,30.35
2008-09-17,29.15
2008-09-18,29.9
2008-09-19,30.2
2008-09-22,28.96
2008-09-23,28.55
2008-09-24,28.45
2008-09-25,28.96
2008-09-26,29.25
2008-09-29,27.3
2008-09-30,27.9
2008-10-01,27.9
2008-10-02,26.89
2008-10-03,25.95
2008-10-06,25.22
2008-10-07,23.6
2008-10-08,23.14
2008-10-09,21.67
2008-10-10,22.13
2008-10-13,23.0
2008-10-14,23.14
2008-10-15,20.45
2008-10-16,21.8
2008-10-17,22.24
2008-10-20,22.36
2008-10-21,22.11
2008-10-22,20.6
2008-10-23,20.6
2008-10-24,19.42
2008-10-27,19.13
2008-10-28,21.0
2008-10-29,21.43
2008-10-30,22.08
2008-10-31,22.98
2008-11-03,22.32
2008-11-04,23.2
2008-11-05,21.92
2008-11-06,20.76
2008-11-07,21.12
2008-11-10,20.63
2008-11-11,19.91
2008-11-12,18.7
2008-11-13,20.16
2008-11-14,19.18
2008-11-17,18.63
2008-11-18,18.54
2008-11-19,17.35
2008-11-20,16.33
2008-11-21,17.45
2008-11-24,18.82
2008-11-25,19.06
2008-11-26,20.18
2008-11-28,20.49
2008-12-01,18.7
2008-12-02,19.57
2008-12-03,20.27
2008-12-04,20.49
2008-12-05,21.09
2008-12-08,21.88
2008-12-09,21.44
2008-12-10,21.94
2008-12-11,21.01
2008-12-12,20.94
2008-12-15,20.87
2008-12-16,21.98
2008-12-17,22.03
2008-12-18,21.48
2008-12-19,21.23
2008-12-22,20.66
2008-12-23,20.44
2008-12-24,20.59
2008-12-26,20.82
2008-12-29,20.42
2008-12-30,21.19
2008-12-31,21.57
2009-01-02,22.65
2009-01-05,22.55
2009-01-06,22.93
2009-01-07,22.02
2009-01-08,22.15
2009-01-09,21.47
2009-01-12,20.96
2009-01-13,20.69
2009-01-14,19.88
2009-01-15,20.37
2009-01-16,20.61
2009-01-20,19.4
2009-01-21,19.99
2009-01-22,19.74
2009-01-23,19.68
2009-01-26,19.82
2009-01-27,19.76
2009-01-28,20.6
2009-01-29,19.77
2009-01-30,19.28
2009-02-02,19.1
2009-02-03,19.64
2009-02-04,19.21
2009-02-05,19.57
2009-02-06,20.13
2009-02-09,20.07
2009-02-10,19.12
2009-02-11,19.27
2009-02-12,19.3
2009-02-13,18.99
2009-02-17,18.27
2009-02-18,18.15
2009-02-19,17.96
2009-02-20,17.84
2009-02-23,17.44
2009-02-24,18.2
2009-02-25,18.03
2009-02-26,17.65
2009-02-27,17.53
2009-03-02,16.87
2009-03-03,16.74
2009-03-04,17.11
2009-03-05,16.31
2009-03-06,16.32
2009-03-09,16.11
2009-03-10,17.1
2009-03-11,17.37
2009-03-12,18.01
2009-03-13,18.22
2009-03-16,17.79
2009-03-17,18.65
2009-03-18,19.24
2009-03-19,19.03
2009-03-20,18.55
2009-03-23,19.86
2009-03-24,19.6
2009-03-25,19.74
2009-03-26,20.65
2009-03-27,20.1
2009-03-30,19.5
2009-03-31,19.65
2009-04-01,20.01
2009-04-02,21.11
2009-04-03,21.39
2009-04-06,21.09
2009-04-07,20.47
2009-04-08,21.05
2009-04-09,21.91
2009-04-13,21.92
2009-04-14,21.43
2009-04-15,21.5
2009-04-16,22.25
2009-04-17,22.52
2009-04-20,21.66
2009-04-21,22.02
2009-04-22,22.24
2009-04-23,22.24
2009-04-24,22.79
2009-04-27,22.49
2009-04-28,22.49
2009-04-29,22.9
2009-04-30,23.29
2009-05-01,23.18
2009-05-04,23.93
2009-05-05,23.92
2009-05-06,24.17
2009-05-07,23.64
2009-05-08,23.99
2009-05-11,23.57
2009-05-12,23.07
2009-05-13,22.26
2009-05-14,22.29
2009-05-15,22.13
2009-05-18,23.22
2009-05-19,23.13
2009-05-20,22.88
2009-05-21,22.34
2009-05-22,22.58
2009-05-26,23.34
2009-05-27,22.83
2009-05-28,22.74
2009-05-29,23.12
2009-06-01,24.23
2009-06-02,24.43
2009-06-03,24.11
2009-06-04,24.16
2009-06-05,24.01
2009-06-08,24.23
2009-06-09,24.37
2009-06-10,24.01
2009-06-11,23.89
2009-06-12,23.86
2009-06-15,23.38
2009-06-16,22.79
2009-06-17,23.11
2009-06-18,23.04
2009-06-19,23.13
2009-06-22,22.44
2009-06-23,22.21
2009-06-24,22.34
2009-06-25,23.12
2009-06-26,22.96
2009-06-29,23.25
2009-06-30,23.08
2009-07-01,23.23
2009-07-02,22.29
2009-07-06,22.4
2009-07-07,21.8
2009-07-08,21.98
2009-07-09,22.14
2009-07-10,22.1
2009-07-13,22.46
2009-07-14,22.81
2009-07-15,23.44
2009-07-16,23.73
2009-07-17,23.77
2009-07-20,24.27
2009-07-21,24.27
2009-07-22,24.44
2009-07-23,25.01
2009-07-24,24.99
2009-07-27,25.09
2009-07-28,25.01
2009-07-29,24.88
2009-07-30,25.27
2009-07-31,25.27
2009-08-03,25.79
2009-08-04,25.9
2009-08-05,25.68
2009-08-06,25.66
2009-08-07,26.5
2009-08-10,26.26
2009-08-12,26.17
2009-08-13,26.24
2009-08-14,25.88
2009-08-17,25.06
2009-08-18,25.34
2009-08-19,25.6
2009-08-20,25.79
2009-08-21,26.32
2009-08-24,26.13
2009-08-25,26.4
2009-08-26,26.55
2009-08-27,26.6
2009-08-28,26.61
2009-08-31,26.16
2009-09-01,25.69
2009-09-02,25.56
2009-09-03,25.83
2009-09-04,26.3
2009-09-08,26.53
2009-09-09,26.81
2009-09-10,27.17
2009-09-11,27.08
2009-09-14,27.17
2009-09-15,27.3
2009-09-16,27.82
2009-09-17,27.79
2009-09-18,27.8
2009-09-21,27.69
2009-09-22,27.8
2009-09-23,27.4
2009-09-24,27.14
2009-09-25,26.98
2009-09-28,27.49
2009-09-29,27.62
2009-09-30,27.47
2009-10-01,26.87
2009-10-02,26.53
2009-10-05,26.94
2009-10-06,27.35
2009-10-07,27.37
2009-10-08,27.81
2009-10-09,27.8
2009-10-12,27.94
2009-10-13,27.99
2009-10-14,28.34
2009-10-15,28.38
2009-10-16,28.33
2009-10-19,28.65
2009-10-20,28.36
2009-10-21,27.99
2009-10-22,28.36
2009-10-23,28.25
2009-10-26,28.08
2009-10-27,27.6
2009-10-28,26.82
2009-10-29,27.54
2009-10-30,26.82
2009-11-02,27.08
2009-11-03,27.1
2009-11-04,27.11
2009-11-05,27.85
2009-11-06,28.1
2009-11-09,28.71
2009-11-10,28.81
2009-11-11,28.84
2009-11-12,28.52
2009-11-13,29.02
2009-11-16,29.49
2009-11-17,29.25
2009-11-18,29.17
2009-11-19,28.84
2009-11-20,28.69
2009-11-23,28.94
2009-11-24,28.91
2009-11-25,29.19
2009-11-27,28.62
2009-11-30,28.62
2009-12-01,29.07
2009-12-02,29.16
2009-12-03,28.96
2009-12-04,29.15
2009-12-07,29.24
2009-12-08,29.02
2009-12-09,29.02
2009-12-10,29.47
2009-12-11,29.76
2009-12-14,29.99
2009-12-15,29.95
2009-12-16,29.98
2009-12-17,29.62
2009-12-18,29.61
2009-12-21,29.99
2009-12-22,29.97
2009-12-23,30.16
2009-12-24,30.18
2009-12-28,30.16
2009-12-29,30.26
2009-12-30,30.05
2009-12-31,29.77
2010-01-04,30.0
2010-01-05,30.11
2010-01-06,30.15
2010-01-07,30.4
2010-01-08,30.39
2010-01-11,30.33
2010-01-12,29.94
2010-01-13,30.28
2010-01-14,30.28
2010-01-15,29.98
2010-01-19,30.38
2010-01-20,29.97
2010-01-21,29.59
2010-01-22,29.02
2010-01-25,29.17
2010-01-26,29.21
2010-01-27,29.26
2010-01-28,29.09
2010-01-29,28.91
2010-02-01,29.28
2010-02-02,29.69
2010-02-03,29.71
2010-02-04,28.85
2010-02-05,28.77
2010-02-08,28.59
2010-02-09,29.03
2010-02-10,28.91
2010-02-11,29.25
2010-02-12,29.25
2010-02-16,29.72
2010-02-17,29.96
2010-02-18,30.15
2010-02-19,30.22
2010-02-22,30.21
2010-02-23,30.03
2010-02-24,30.42
2010-02-25,30.47
2010-02-26,30.52
2010-03-01,31.0
2010-03-02,30.84
2010-03-03,30.93
2010-03-04,31.21
2010-03-05,31.79
2010-03-08,31.87
2010-03-09,31.82
2010-03-10,31.89
2010-03-11,32.12
2010-03-12,32.21
2010-03-15,32.17
2010-03-16,32.41
2010-03-17,32.57
2010-03-18,32.56
2010-03-19,32.4
2010-03-22,32.74
2010-03-23,32.87
2010-03-24,32.74
2010-03-25,32.93
2010-03-26,33.06
2010-03-29,33.11
2010-03-30,33.08
2010-03-31,32.84
2010-04-01,33.07
2010-04-05,33.47
2010-04-06,33.52
2010-04-07,33.4
2010-04-08,33.72
2010-04-09,33.97
2010-04-12,33.97
2010-04-13,34.15
2010-04-14,34.68
2010-04-15,34.83
2010-04-16,34.37
2010-04-19,34.43
2010-04-20,34.85
2010-04-21,35.01
2010-04-22,35.64
2010-04-23,35.67
2010-04-26,35.95
2010-04-27,34.91
2010-04-28,34.79
2010-04-29,35.56
2010-04-30,34.82
2010-05-03,35.52
2010-05-04,34.48
2010-05-05,33.99
2010-05-06,32.78
2010-05-07,32.18
2010-05-10,33.86
2010-05-11,33.85
2010-05-12,34.34
2010-05-13,33.57
2010-05-14,33.01
2010-05-17,33.26
2010-05-18,32.64
2010-05-19,32.44
2010-05-20,31.18
2010-05-21,31.73
2010-05-24,31.51
2010-05-25,31.83
2010-05-26,31.73
2010-05-27,32.87
2010-05-28,32.37
2010-06-01,31.88
2010-06-02,32.68
2010-06-03,32.79
2010-06-04,31.52
2010-06-07,30.92
2010-06-08,31.18
2010-06-09,31.22
2010-06-10,32.28
2010-06-11,32.25
2010-06-14,32.34
2010-06-15,33.11
2010-06-16,32.88
2010-06-17,32.68
2010-06-18,32.47
2010-06-21,32.21
2010-06-22,31.49
2010-06-23,31.47
2010-06-24,30.72
2010-06-25,30.81
2010-06-28,30.58
2010-06-29,29.49
2010-06-30,29.13
2010-07-01,29.37
2010-07-02,29.04
2010-07-06,29.04
2010-07-07,29.86
2010-07-08,30.12
2010-07-09,30.41
2010-07-12,30.45
2010-07-13,31.21
2010-07-14,31.01
2010-07-15,31.11
2010-07-16,30.02
2010-07-19,30.31
2010-07-20,30.74
2010-07-21,30.19
2010-07-22,31.1
2010-07-23,31.55
2010-07-26,32.02
2010-07-27,31.61
2010-07-28,31.39
2010-07-29,31.23
2010-07-30,31.44
2010-08-02,32.11
2010-08-03,31.62
2010-08-04,32.15
2010-08-05,32.25
2010-08-06,32.03
2010-08-09,32.34
2010-08-10,32.06
2010-08-11,31.22
2010-08-12,31.1
2010-08-13,30.75
2010-08-16,30.74
2010-08-17,31.24
2010-08-18,31.53
2010-08-19,30.92
2010-08-20,30.9
2010-08-23,30.62
2010-08-24,30.1
2010-08-25,30.41
2010-08-26,30.2
2010-08-27,30.69
2010-08-30,30.15
2010-08-31,30.19
2010-09-01,31.23
2010-09-02,31.81
2010-09-03,32.28
2010-09-07,31.76
2010-09-08,31.99
2010-09-09,32.02
2010-09-10,32.29
2010-09-13,32.68
2010-09-14,32.71
2010-09-15,32.77
2010-09-16,32.77
2010-09-17,32.75
2010-09-20,33.38
2010-09-21,33.24
2010-09-22,33.02
2010-09-23,32.85
2010-09-24,33.7
2010-09-27,33.48
2010-09-28,33.74
2010-09-29,33.5
2010-09-30,33.41
2010-10-01,33.45
2010-10-04,33.38
2010-10-05,34.08
2010-10-06,33.85
2010-10-07,34.01
2010-10-08,34.36
2010-10-11,34.37
2010-10-12,34.45
2010-10-13,34.5
2010-10-14,34.46
2010-10-15,34.71
2010-10-18,34.76
2010-10-19,34.13
2010-10-20,34.57
2010-10-21,34.77
2010-10-22,34.96
2010-10-25,35.18
2010-10-26,35.33
2010-10-27,35.11
2010-10-28,35.27
2010-10-29,35.26
2010-11-01,35.19
2010-11-02,35.59
2010-11-03,35.77
2010-11-04,36.33
2010-11-05,36.51
2010-11-08,36.45
2010-11-09,36.12
2010-11-10,36.44
2010-11-11,36.39
2010-11-12,36.01
2010-11-15,35.94
2010-11-16,35.45
2010-11-17,35.76
2010-11-18,36.07
2010-11-19,36.24
2010-11-22,36.41
2010-11-23,35.87
2010-11-24,36.61
2010-11-26,36.31
2010-11-29,36.23
2010-11-30,36.15
2010-12-01,36.92
2010-12-02,37.4
2010-12-03,37.42
2010-12-06,37.46
2010-12-07,37.48
2010-12-08,37.38
2010-12-09,37.43
2010-12-10,37.56
2010-12-13,37.38
2010-12-14,37.37
2010-12-15,37.25
2010-12-16,37.52
2010-12-17,37.36
2010-12-20,37.58
2010-12-21,37.74
2010-12-22,37.79
2010-12-23,37.63
2010-12-27,37.52
2010-12-28,37.44
2010-12-29,37.56
2010-12-30,37.49
2010-12-31,37.41
2011-01-03,37.85
2011-01-04,37.64
2011-01-05,37.95
2011-01-06,37.72
2011-01-07,37.7
2011-01-10,37.67
2011-01-11,37.66
2011-01-12,37.75
2011-01-13,37.69
2011-01-14,37.92
2011-01-18,38.03
2011-01-19,37.65
2011-01-20,37.73
2011-01-21,37.82
2011-01-24,37.97
2011-01-25,37.99
2011-01-26,38.05
2011-01-27,38.35
2011-01-28,37.1
2011-01-31,37.18
2011-02-01,37.62
2011-02-02,37.51
2011-02-03,37.97
2011-02-04,38.2
2011-02-07,38.41
2011-02-08,38.86
2011-02-09,39.13
2011-02-10,39.18
2011-02-11,39.58
2011-02-14,39.42
2011-02-15,39.47
2011-02-16,39.79
2011-02-17,39.81
2011-02-18,40.02
2011-02-22,39.06
2011-02-23,38.48
2011-02-24,38.71
2011-02-25,39.1
2011-02-28,39.41
2011-03-01,38.69
2011-03-02,38.81
2011-03-03,39.5
2011-03-04,39.21
2011-03-07,38.82
2011-03-08,39.12
2011-03-09,39.22
2011-03-10,38.77
2011-03-11,39.01
2011-03-14,38.53
2011-03-15,38.22
2011-03-16,37.6
2011-03-17,37.74
2011-03-18,37.64
2011-03-21,38.19
2011-03-22,37.85
2011-03-23,38.19
2011-03-24,38.77
2011-03-25,38.81
2011-03-28,38.44
2011-03-29,38.75
2011-03-30,39.17
2011-03-31,39.01
2011-04-01,39.3
2011-04-04,39.38
2011-04-05,39.52
2011-04-06,39.45
2011-04-07,39.29
2011-04-08,39.07
2011-04-11,39.08
2011-04-12,39.01
2011-04-13,39.16
2011-04-14,39.06
2011-04-15,39.25
2011-04-18,38.9
2011-04-19,38.99
2011-04-20,39.66
2011-04-21,39.91
2011-04-25,39.87
2011-04-26,39.94
2011-04-27,40.42
2011-04-28,40.57
2011-04-29,40.58
2011-05-02,40.69
2011-05-03,40.46
2011-05-04,40.32
2011-05-05,40.3
2011-05-06,40.29
2011-05-09,40.34
2011-05-10,40.86
2011-05-11,40.46
2011-05-12,40.87
2011-05-13,40.56
2011-05-16,40.02
2011-05-17,40.06
2011-05-18,40.55
2011-05-19,40.66
2011-05-20,40.23
2011-05-23,39.89
2011-05-24,39.68
2011-05-25,39.71
2011-05-26,40.06
2011-05-27,40.16
2011-05-31,40.45
2011-06-01,39.51
2011-06-02,39.45
2011-06-03,38.88
2011-06-06,38.51
2011-06-07,38.56
2011-06-08,38.25
2011-06-09,38.56
2011-06-10,37.86
2011-06-13,37.8
2011-06-14,38.48
2011-06-15,37.87
2011-06-16,37.81
2011-06-17,37.97
2011-06-20,38.28
2011-06-21,39.05
2011-06-22,38.73
2011-06-23,38.88
2011-06-24,38.48
2011-06-27,38.97
2011-06-28,39.71
2011-06-29,39.89
2011-06-30,40.21
2011-07-01,40.99
2011-07-05,41.2
2011-07-06,41.05
2011-07-07,41.62
2011-07-08,41.37
2011-07-11,40.57
2011-07-12,40.35
2011-07-13,40.6
2011-07-14,40.27
2011-07-15,40.29
2011-07-18,39.9
2011-07-19,40.66
2011-07-20,40.46
2011-07-21,40.93
2011-07-22,41.09
2011-07-25,40.81
2011-07-26,40.74
2011-07-27,40.05
2011-07-28,39.81
2011-07-29,39.62
2011-08-01,39.38
2011-08-02,38.01
2011-08-03,38.23
2011-08-04,36.44
2011-08-05,36.34
2011-08-08,34.06
2011-08-09,35.64
2011-08-10,34.14
2011-08-11,35.56
2011-08-12,36.09
2011-08-15,36.6
2011-08-16,36.41
2011-08-17,36.35
2011-08-18,34.54
2011-08-19,34.08
2011-08-22,34.15
2011-08-23,35.48
2011-08-24,36.08
2011-08-25,35.37
2011-08-26,36.1
2011-08-29,37.2
2011-08-30,37.35
2011-08-31,37.54
2011-09-01,37.07
2011-09-02,36.04
2011-09-06,35.92
2011-09-07,36.9
2011-09-08,36.35
2011-09-09,35.39
2011-09-12,35.8
2011-09-13,36.25
2011-09-14,36.85
2011-09-15,37.5
2011-09-16,37.73
2011-09-19,37.72
2011-09-20,37.5
2011-09-21,36.31
2011-09-22,35.17
2011-09-23,35.75
2011-09-26,36.57
2011-09-27,36.88
2011-09-28,36.21
2011-09-29,35.85
2011-09-30,34.92
2011-10-03,33.84
2011-10-04,34.99
2011-10-05,35.65
2011-10-06,36.42
2011-10-07,36.37
2011-10-10,37.61
2011-10-11,37.74
2011-10-12,38.14
2011-10-13,38.05
2011-10-14,38.67
2011-10-17,37.88
2011-10-18,38.67
2011-10-19,38.08
2011-10-20,38.26
2011-10-21,39.22
2011-10-24,39.9
2011-10-25,38.97
2011-10-26,38.82
2011-10-27,39.84
2011-10-28,39.58
2011-10-31,39.06
2011-11-01,38.11
2011-11-02,38.57
2011-11-03,39.07
2011-11-04,38.94
2011-11-07,39.17
2011-11-08,39.55
2011-11-09,38.11
2011-11-10,38.53
2011-11-11,39.42
2011-11-14,39.18
2011-11-15,39.32
2011-11-16,38.57
2011-11-17,37.9
2011-11-18,37.88
2011-11-21,37.29
2011-11-22,37.29
2011-11-23,36.52
2011-11-25,36.33
2011-11-28,37.48
2011-11-29,37.59
2011-11-30,38.74
2011-12-01,38.77
2011-12-02,39.1
2011-12-05,39.4
2011-12-06,39.32
2011-12-07,39.51
2011-12-08,38.74
2011-12-09,39.3
2011-12-12,39.24
2011-12-13,38.49
2011-12-14,38.05
2011-12-15,38.1
2011-12-16,37.9
2011-12-19,37.5
2011-12-20,38.51
2011-12-21,38.64
2011-12-22,38.82
2011-12-23,39.18
2011-12-27,39.3
2011-12-28,38.87
2011-12-29,39.18
2011-12-30,39.02
2012-01-03,39.37
2012-01-04,39.66
2012-01-05,39.93
2012-01-06,40.02
2012-01-09,39.99
2012-01-10,40.25
2012-01-11,40.32
2012-01-12,40.45
2012-01-13,40.31
2012-01-17,40.49
2012-01-18,41.14
2012-01-19,41.53
2012-01-20,41.16
2012-01-23,41.13
2012-01-24,41.25
2012-01-25,41.54
2012-01-26,41.49
2012-01-27,41.46
2012-01-30,41.33
2012-01-31,41.32
2012-02-01,41.43
2012-02-03,42.23
2012-02-06,42.15
2012-02-07,42.34
2012-02-08,42.47
2012-02-09,42.54
2012-02-10,42.31
2012-02-13,42.65
2012-02-14,42.6
2012-02-15,42.41
2012-02-16,42.59
2012-02-17,42.98
2012-02-21,42.81
2012-02-22,42.7
2012-02-23,42.91
2012-02-24,42.86
2012-02-27,43.11
2012-02-28,43.35
2012-02-29,43.2
2012-03-01,43.55
2012-03-02,43.52
2012-03-05,43.48
2012-03-06,42.8
2012-03-07,43.29
2012-03-08,43.73
2012-03-09,43.98
2012-03-12,43.86
2012-03-13,44.54
2012-03-14,44.48
2012-03-15,44.63
2012-03-16,44.35
2012-03-19,44.58
2012-03-20,44.65
2012-03-21,44.71
2012-03-22,44.58
2012-03-23,44.67
2012-03-26,45.39
2012-03-27,45.27
2012-03-28,44.88
2012-03-29,44.88
2012-03-30,45.1
2012-04-02,45.2
2012-04-03,45.12
2012-04-04,44.67
2012-04-05,44.99
2012-04-09,44.54
2012-04-10,43.43
2012-04-11,44.07
2012-04-12,44.67
2012-04-13,44.57
2012-04-16,44.39
2012-04-17,44.93
2012-04-18,44.93
2012-04-19,44.57
2012-04-20,44.64
2012-04-23,44.16
2012-04-24,44.01
2012-04-25,44.76
2012-04-26,45.31
2012-04-27,45.89
2012-04-30,45.61
2012-05-01,45.91
2012-05-02,46.16
2012-05-03,45.83
2012-05-04,44.87
2012-05-07,44.89
2012-05-08,44.33
2012-05-09,44.18
2012-05-10,44.33
2012-05-11,44.27
2012-05-14,43.66
2012-05-15,43.55
2012-05-16,43.48
2012-05-17,42.32
2012-05-18,42.01
2012-05-21,42.73
2012-05-22,42.92
2012-05-23,43.15
2012-05-24,43.35
2012-05-25,43.28
2012-05-29,43.87
2012-05-30,43.19
2012-05-31,43.11
2012-06-01,41.74
2012-06-04,41.89
2012-06-05,42.08
2012-06-06,43.05
2012-06-07,43.03
2012-06-08,43.41
2012-06-11,42.75
2012-06-12,43.21
2012-06-13,42.54
2012-06-14,43.21
2012-06-15,43.43
2012-06-18,43.73
2012-06-19,44.13
2012-06-20,44.08
2012-06-21,43.09
2012-06-22,43.31
2012-06-25,42.64
2012-06-26,43.2
2012-06-27,43.11
2012-06-28,42.87
2012-06-29,43.78
2012-07-02,43.91
2012-07-03,43.87
2012-07-05,43.98
2012-07-06,43.77
2012-07-09,43.53
2012-07-10,43.27
2012-07-11,43.02
2012-07-12,42.92
2012-07-13,43.61
2012-07-16,43.34
2012-07-17,43.77
2012-07-18,44.0
2012-07-19,44.29
2012-07-20,43.77
2012-07-23,43.11
2012-07-24,42.82
2012-07-25,42.73
2012-07-26,43.42
2012-07-27,44.28
2012-07-30,44.11
2012-07-31,43.54
2012-08-01,43.36
2012-08-02,43.47
2012-08-03,44.33
2012-08-06,44.49
2012-08-07,44.91
2012-08-08,44.68
2012-08-09,44.66
2012-08-10,44.62
2012-08-13,44.64
2012-08-14,44.75
2012-08-15,44.89
2012-08-16,45.26
2012-08-17,45.43
2012-08-20,45.24
2012-08-21,45.18
2012-08-22,45.31
2012-08-23,45.0
2012-08-24,45.37
2012-08-27,45.3
2012-08-28,45.39
2012-08-29,45.61
2012-08-30,45.36
2012-08-31,45.55
2012-09-04,45.44
2012-09-05,45.51
2012-09-06,46.56
2012-09-07,46.83
2012-09-10,46.71
2012-09-11,46.69
2012-09-12,46.92
2012-09-13,47.54
2012-09-14,47.71
2012-09-17,47.53
2012-09-18,47.3
2012-09-19,47.79
2012-09-20,47.73
2012-09-21,47.47
2012-09-24,47.38
2012-09-25,46.86
2012-09-26,46.52
2012-09-27,46.99
2012-09-28,46.77
2012-10-01,46.76
2012-10-02,46.67
2012-10-03,47.04
2012-10-04,47.5
2012-10-05,47.61
2012-10-08,47.51
2012-10-09,46.78
2012-10-10,46.47
2012-10-11,46.26
2012-10-12,46.25
2012-10-15,46.71
2012-10-16,47.13
2012-10-17,47.39
2012-10-18,47.42
2012-10-19,46.58
2012-10-22,46.43
2012-10-23,46.06
2012-10-24,45.88
2012-10-25,45.77
2012-10-26,45.92
2012-10-31,46.07
2012-11-01,46.6
2012-11-02,46.56
2012-11-05,46.7
2012-11-06,46.94
2012-11-07,46.39
2012-11-08,45.63
2012-11-09,45.42
2012-11-12,45.5
2012-11-13,45.63
2012-11-14,44.89
2012-11-15,44.88
2012-11-16,45.14
2012-11-19,46.15
2012-11-20,46.38
2012-11-21,46.54
2012-11-23,47.16
2012-11-26,46.94
2012-11-27,46.75
2012-11-28,47.36
2012-11-29,47.49
2012-11-30,47.53
2012-12-03,47.28
2012-12-04,47.08
2012-12-05,46.94
2012-12-06,47.24
2012-12-07,47.42
2012-12-10,47.15
2012-12-11,47.3
2012-12-12,47.36
2012-12-13,47.05
2012-12-14,46.85
2012-12-17,47.69
2012-12-18,48.25
2012-12-19,47.91
2012-12-20,48.01
2012-12-21,47.28
2012-12-24,47.32
2012-12-26,46.83
2012-12-27,46.89
2012-12-28,46.51
2012-12-31,47.44
2013-01-02,48.43
2013-01-03,48.55
2013-01-04,48.73
2013-01-07,48.61
2013-01-08,48.47
2013-01-09,48.55
2013-01-10,48.83
2013-01-11,48.87
2013-01-14,48.99
2013-01-15,49.35
2013-01-16,49.24
2013-01-17,49.76
2013-01-18,49.82
2013-01-22,49.95
2013-01-23,49.99
2013-01-24,50.37
2013-01-25,50.9
2013-01-28,50.66
2013-01-29,50.46
2013-01-30,50.37
2013-01-31,50.13
2013-02-01,50.42
2013-02-04,49.8
2013-02-05,50.33
2013-02-06,50.44
2013-02-07,50.33
2013-02-08,50.72
2013-02-11,50.55
2013-02-12,50.75
2013-02-13,50.86
2013-02-14,50.88
2013-02-15,50.94
2013-02-19,51.13
2013-02-20,50.35
2013-02-21,49.93
2013-02-22,50.21
2013-02-25,49.43
2013-02-26,49.92
2013-02-27,50.68
2013-02-28,50.93
2013-03-01,51.05
2013-03-04,51.5
2013-03-05,52.02
2013-03-06,51.98
2013-03-07,52.07
2013-03-08,52.62
2013-03-11,52.75
2013-03-12,52.6
2013-03-13,52.89
2013-03-14,52.95
2013-03-15,52.59
2013-03-18,52.19
2013-03-19,51.82
2013-03-20,52.42
2013-03-21,51.98
2013-03-22,52.62
2013-03-25,52.53
2013-03-26,52.79
2013-03-27,52.81
2013-03-28,53.0
2013-04-01,52.6
2013-04-02,53.04
2013-04-03,52.55
2013-04-04,52.85
2013-04-05,52.59
2013-04-08,53.19
2013-04-09,53.05
2013-04-10,53.67
2013-04-11,54.12
2013-04-12,54.41
2013-04-15,52.98
2013-04-16,53.74
2013-04-17,53.19
2013-04-18,52.61
2013-04-19,53.24
2013-04-22,53.47
2013-04-23,54.01
2013-04-24,54.05
2013-04-25,54.51
2013-04-26,54.27
2013-04-29,54.46
2013-04-30,54.61
2013-05-01,54.32
2013-05-02,54.85
2013-05-03,55.54
2013-05-06,55.72
2013-05-07,56.19
2013-05-08,56.23
2013-05-09,56.33
2013-05-10,56.77
2013-05-13,56.78
2013-05-14,57.36
2013-05-15,57.67
2013-05-16,57.0
2013-05-17,57.55
2013-05-20,57.38
2013-05-21,57.64
2013-05-22,57.09
2013-05-23,56.97
2013-05-24,56.8
2013-05-28,57.35
2013-05-29,56.76
2013-05-30,56.76
2013-05-31,56.12
2013-06-03,56.37
2013-06-04,56.17
2013-06-05,55.24
2013-06-06,55.82
2013-06-07,56.84
2013-06-10,56.67
2013-06-11,56.11
2013-06-12,55.49
2013-06-13,56.53
2013-06-14,56.35
2013-06-17,56.66
2013-06-18,57.24
2013-06-19,56.59
2013-06-20,55.11
2013-06-21,55.04
2013-06-24,54.54
2013-06-25,55.03
2013-06-26,55.72
2013-06-27,56.2
2013-06-28,56.4
2013-07-01,56.79
2013-07-02,56.89
2013-07-03,57.15
2013-07-05,57.77
2013-07-08,58.31
2013-07-09,58.54
2013-07-10,58.6
2013-07-11,59.44
2013-07-12,59.72
2013-07-15,59.57
2013-07-16,59.25
2013-07-17,59.28
2013-07-18,59.62
2013-07-19,59.57
2013-07-22,59.53
2013-07-23,59.45
2013-07-24,59.25
2013-07-25,59.33
2013-07-26,59.52
2013-07-29,59.21
2013-07-30,59.06
2013-07-31,59.37
2013-08-01,60.29
2013-08-02,60.72
2013-08-05,60.59
2013-08-06,60.34
2013-08-07,59.81
2013-08-08,60.21
2013-08-09,60.08
2013-08-12,60.0
2013-08-13,60.0
2013-08-14,59.34
2013-08-15,58.3
2013-08-16,58.09
2013-08-19,57.84
2013-08-20,58.43
2013-08-21,57.93
2013-08-22,58.51
2013-08-23,58.52
2013-08-26,58.4
2013-08-27,57.45
2013-08-28,57.76
2013-08-29,58.04
2013-08-30,57.68
2013-09-03,58.09
2013-09-04,58.7
2013-09-05,58.72
2013-09-06,58.65
2013-09-09,59.17
2013-09-10,59.74
2013-09-11,60.18
2013-09-12,60.04
2013-09-13,60.21
2013-09-16,60.48
2013-09-17,60.83
2013-09-18,61.53
2013-09-19,61.51
2013-09-20,60.96
2013-09-23,60.49
2013-09-24,60.65
2013-09-25,60.28
2013-09-26,60.85
2013-09-27,60.86
2013-09-30,60.63
2013-10-01,61.12
2013-10-02,61.1
2013-10-03,60.41
2013-10-04,60.98
2013-10-07,60.12
2013-10-08,59.17
2013-10-09,58.9
2013-10-10,60.27
2013-10-11,60.79
2013-10-14,61.04
2013-10-15,60.46
2013-10-16,61.21
2013-10-17,61.66
2013-10-18,62.04
2013-10-21,62.2
2013-10-22,62.62
2013-10-23,62.22
2013-10-24,62.84
2013-10-25,63.31
2013-10-28,63.19
2013-10-29,63.56
2013-10-30,63.25
2013-10-31,63.41
2013-11-01,63.56
2013-11-04,63.78
2013-11-05,63.78
2013-11-06,63.62
2013-11-07,62.3
2013-11-08,63.29
2013-11-11,63.39
2013-11-12,63.28
2013-11-13,64.28
2013-11-14,64.73
2013-11-15,64.95
2013-11-18,64.44
2013-11-19,64.16
2013-11-20,63.83
2013-11-21,64.49
2013-11-22,64.85
2013-11-25,64.91
2013-11-26,65.29
2013-11-27,65.54
2013-11-29,65.6
2013-12-02,65.29
2013-12-03,64.67
2013-12-04,64.52
2013-12-05,64.59
2013-12-06,65.13
2013-12-09,65.08
2013-12-10,65.12
2013-12-11,64.52
2013-12-12,64.32
2013-12-13,64.48
2013-12-16,64.9
2013-12-17,64.73
2013-12-18,65.69
2013-12-19,65.65
2013-12-20,65.66
2013-12-23,65.95
2013-12-24,66.09
2013-12-26,66.58
2013-12-27,66.27
2013-12-30,66.57
2013-12-31,66.83
2014-01-02,66.52
2014-01-03,66.34
2014-01-06,65.93
2014-01-07,66.33
2014-01-08,66.15
2014-01-09,66.14
2014-01-10,66.34
2014-01-13,65.01
2014-01-14,65.57
2014-01-15,65.73
2014-01-16,65.38
2014-01-17,65.09
2014-01-21,65.03
2014-01-22,65.2
2014-01-23,64.74
2014-01-24,63.5
2014-01-27,63.25
2014-01-28,63.69
2014-01-29,62.67
2014-01-30,63.72
2014-01-31,62.82
2014-02-03,61.17
2014-02-04,61.92
2014-02-05,62.0
2014-02-06,63.31
2014-02-07,64.09
2014-02-10,64.05
2014-02-11,64.52
2014-02-12,64.58
2014-02-13,64.78
2014-02-14,65.17
2014-02-18,65.25
2014-02-19,64.72
2014-02-20,65.07
2014-02-21,65.2
2014-02-24,65.47
2014-02-25,65.93
2014-02-26,66.3
2014-02-27,66.57
2014-02-28,66.84
2014-03-03,66.21
2014-03-04,67.04
2014-03-05,67.32
2014-03-06,67.49
2014-03-07,67.39
2014-03-10,67.21
2014-03-11,66.82
2014-03-12,66.72
2014-03-13,65.91
2014-03-14,65.85
2014-03-17,66.29
2014-03-18,66.58
2014-03-19,66.14
2014-03-20,66.31
2014-03-21,65.68
2014-03-24,65.02
2014-03-25,64.63
2014-03-26,64.11
2014-03-27,63.8
2014-03-28,64.28
2014-03-31,64.72
2014-04-01,65.62
2014-04-02,66.06
2014-04-03,65.74
2014-04-04,64.65
2014-04-07,63.39
2014-04-08,64.03
2014-04-09,64.72
2014-04-10,63.11
2014-04-11,62.24
2014-04-14,62.73
2014-04-15,62.81
2014-04-16,63.69
2014-04-17,63.77
2014-04-21,63.94
2014-04-22,64.49
2014-04-23,64.19
2014-04-24,64.54
2014-04-25,63.44
2014-04-28,63.28
2014-04-29,63.57
2014-04-30,63.84
2014-05-01,64.09
2014-05-02,64.25
2014-05-05,64.31
2014-05-06,63.39
2014-05-07,63.31
2014-05-08,63.49
2014-05-09,63.84
2014-05-12,64.64
2014-05-13,64.46
2014-05-14,63.74
2014-05-15,63.28
2014-05-16,63.75
2014-05-19,64.04
2014-05-20,63.46
2014-05-21,64.23
2014-05-22,64.57
2014-05-23,65.08
2014-05-27,65.42
2014-05-28,65.35
2014-05-29,65.62
2014-05-30,65.68
2014-06-02,65.9
2014-06-03,65.78
2014-06-04,66.1
2014-06-05,66.53
2014-06-06,66.92
2014-06-09,66.94
2014-06-10,66.81
2014-06-11,66.61
2014-06-12,65.76
2014-06-13,65.79
2014-06-16,65.94
2014-06-17,66.2
2014-06-18,66.7
2014-06-19,66.54
2014-06-20,66.08
2014-06-23,66.16
2014-06-24,66.0
2014-06-25,66.56
2014-06-26,66.61
2014-06-27,66.77
2014-06-30,66.74
2014-07-01,67.45
2014-07-02,67.55
2014-07-03,68.07
2014-07-07,67.65
2014-07-08,66.99
2014-07-09,67.8
2014-07-10,67.17
2014-07-11,67.39
2014-07-14,67.58
2014-07-15,67.35
2014-07-16,67.52
2014-07-17,66.88
2014-07-18,67.5
2014-07-21,67.19
2014-07-22,67.47
2014-07-23,67.42
2014-07-24,67.57
2014-07-25,66.82
2014-07-28,66.95
2014-07-29,66.76
2014-07-30,67.13
2014-07-31,65.89
2014-08-01,65.65
2014-08-04,66.29
2014-08-05,65.83
2014-08-06,65.69
2014-08-07,65.35
2014-08-08,66.36
2014-08-11,66.66
2014-08-12,66.49
2014-08-13,66.73
2014-08-14,67.25
2014-08-15,67.12
2014-08-18,67.74
2014-08-19,68.25
2014-08-20,68.57
2014-08-21,68.51
2014-08-22,68.64
2014-08-25,68.84
2014-08-26,68.85
2014-08-27,68.92
2014-08-28,68.83
2014-08-29,68.82
2014-09-02,68.95
2014-09-03,68.77
2014-09-04,69.03
2014-09-05,69.26
2014-09-08,68.97
2014-09-09,68.28
2014-09-10,68.52
2014-09-11,68.55
2014-09-12,68.35
2014-09-15,68.07
2014-09-16,68.42
2014-09-17,68.39
2014-09-18,68.69
2014-09-19,68.49
2014-09-22,67.53
2014-09-23,66.95
2014-09-24,67.71
2014-09-25,66.72
2014-09-26,67.41
2014-09-29,67.06
2014-09-30,66.69
2014-10-01,65.8
2014-10-02,66.1
2014-10-03,66.95
2014-10-06,66.59
2014-10-07,65.6
2014-10-08,66.63
2014-10-09,65.12
2014-10-10,64.55
2014-10-13,63.24
2014-10-14,63.7
2014-10-15,63.17
2014-10-16,63.24
2014-10-17,63.94
2014-10-20,64.83
2014-10-21,66.09
2014-10-22,65.52
2014-10-23,66.41
2014-10-24,66.35
2014-10-27,66.48
2014-10-28,67.2
2014-10-29,67.0
2014-10-30,67.44
2014-10-31,68.1
2014-11-03,68.1
2014-11-04,67.28
2014-11-05,67.55
2014-11-06,68.12
2014-11-07,68.01
2014-11-10,67.97
2014-11-11,68.26
2014-11-12,68.58
2014-11-13,69.01
2014-11-14,69.28
2014-11-17,69.2
2014-11-18,69.33
2014-11-19,69.62
2014-11-20,69.92
2014-11-21,70.09
2014-11-24,70.74
2014-11-25,70.96
2014-11-26,70.95
2014-11-28,71.81
2014-12-01,71.02
2014-12-02,71.29
2014-12-03,71.41
2014-12-04,71.37
2014-12-05,71.53
2014-12-08,70.95
2014-12-09,70.82
2014-12-10,69.88
2014-12-11,70.45
2014-12-12,70.0
2014-12-15,69.58
2014-12-16,68.51
2014-12-17,69.82
2014-12-18,70.97
2014-12-19,70.87
2014-12-22,71.56
2014-12-23,71.96
2014-12-24,71.84
2014-12-26,72.23
2014-12-29,72.78
2014-12-30,72.44
2014-12-31,72.15
2015-01-02,71.63
2015-01-05,70.26
2015-01-06,69.56
2015-01-07,70.66
2015-01-08,71.72
2015-01-09,70.89
2015-01-12,70.51
2015-01-13,70.51
2015-01-14,69.66
2015-01-15,68.76
2015-01-16,69.67
2015-01-20,69.27
2015-01-21,69.72
2015-01-22,71.03
2015-01-23,70.93
2015-01-26,71.3
2015-01-27,70.73
2015-01-28,69.81
2015-01-29,70.76
2015-01-30,69.99
2015-02-02,70.62
2015-02-03,72.12
2015-02-04,72.6
2015-02-05,73.05
2015-02-06,72.94
2015-02-09,72.66
2015-02-10,73.55
2015-02-11,73.57
2015-02-12,74.44
2015-02-13,74.89
2015-02-17,74.72
2015-02-18,74.68
2015-02-19,74.91
2015-02-20,75.44
2015-02-23,75.37
2015-02-24,75.73
2015-02-25,76.31
2015-02-26,76.07
2015-02-27,75.97
2015-03-02,76.88
2015-03-03,76.67
2015-03-04,76.27
2015-03-05,76.32
2015-03-06,75.41
2015-03-09,75.84
2015-03-10,74.66
2015-03-11,74.25
2015-03-12,75.76
2015-03-13,75.16
2015-03-16,76.04
2015-03-17,75.62
2015-03-18,76.29
2015-03-19,76.18
2015-03-20,76.77
2015-03-23,76.64
2015-03-24,76.24
2015-03-25,75.0
2015-03-26,74.53
2015-03-27,74.91
2015-03-30,75.68
2015-03-31,75.35
2015-04-01,75.02
2015-04-02,75.69
2015-04-06,76.05
2015-04-07,75.63
2015-04-08,76.34
2015-04-09,76.41
2015-04-10,76.67
2015-04-13,76.25
2015-04-14,76.21
2015-04-15,76.21
2015-04-16,76.36
2015-04-17,75.23
2015-04-20,76.06
2015-04-21,76.14
2015-04-22,76.21
2015-04-23,76.59
2015-04-24,77.63
2015-04-27,76.95
2015-04-28,76.68
2015-04-29,76.16
2015-04-30,75.31
2015-05-01,76.35
2015-05-04,76.51
2015-05-05,75.71
2015-05-06,75.4
2015-05-07,75.79
2015-05-08,76.6
2015-05-11,76.26
2015-05-12,76.12
2015-05-13,75.64
2015-05-14,75.98
2015-05-15,76.59
2015-05-18,76.88
2015-05-19,76.86
2015-05-20,76.77
2015-05-21,77.07
2015-05-22,76.94
2015-05-26,76.39
2015-05-27,76.96
2015-05-28,76.83
2015-05-29,76.3
2015-06-01,76.52
2015-06-02,76.69
2015-06-03,77.29
2015-06-04,76.74
2015-06-05,76.52
2015-06-08,75.98
2015-06-09,75.9
2015-06-10,76.68
2015-06-11,76.94
2015-06-12,76.59
2015-06-15,76.23
2015-06-16,76.69
2015-06-17,77.04
2015-06-18,77.97
2015-06-19,77.45
2015-06-22,77.88
2015-06-23,78.19
2015-06-24,77.65
2015-06-25,77.59
2015-06-26,77.9
2015-06-29,76.14
2015-06-30,76.48
2015-07-01,77.35
2015-07-02,77.2
2015-07-06,77.05
2015-07-07,77.72
2015-07-08,76.24
2015-07-09,76.56
2015-07-10,77.67
2015-07-13,78.79
2015-07-14,78.89
2015-07-15,78.81
2015-07-16,79.29
2015-07-17,79.15
2015-07-20,79.19
2015-07-21,78.94
2015-07-22,79.32
2015-07-23,78.85
2015-07-24,78.85
2015-07-27,78.26
2015-07-28,78.87
2015-07-29,79.68
2015-07-30,79.97
2015-07-31,80.22
2015-08-03,79.95
2015-08-04,80.29
2015-08-05,79.42
2015-08-06,78.34
2015-08-07,78.28
2015-08-10,78.91
2015-08-11,78.2
2015-08-12,77.86
2015-08-13,78.31
2015-08-14,78.36
2015-08-17,79.11
2015-08-18,79.18
2015-08-19,79.04
2015-08-20,76.82
2015-08-21,74.36
2015-08-24,71.39
2015-08-25,71.08
2015-08-26,73.83
2015-08-27,75.53
2015-08-28,75.56
2015-08-31,74.98
2015-09-01,73.08
2015-09-02,74.62
2015-09-03,74.65
2015-09-04,73.85
2015-09-08,75.54
2015-09-09,74.75
2015-09-10,74.96
2015-09-11,75.52
2015-09-14,75.12
2015-09-15,75.91
2015-09-16,76.77
2015-09-17,76.98
2015-09-18,75.46
2015-09-21,76.12
2015-09-22,75.11
2015-09-23,74.93
2015-09-24,74.72
2015-09-25,74.7
2015-09-28,72.55
2015-09-29,72.31
2015-09-30,74.26
2015-10-01,74.81
2015-10-02,75.88
2015-10-05,77.0
2015-10-06,76.43
2015-10-07,76.69
2015-10-08,77.63
2015-10-09,77.72
2015-10-12,78.09
2015-10-13,77.67
2015-10-14,76.88
2015-10-15,77.88
2015-10-16,78.29
2015-10-19,78.66
2015-10-20,78.56
2015-10-21,78.21
2015-10-22,79.24
2015-10-23,79.63
2015-10-26,80.19
2015-10-27,79.81
2015-10-28,80.57
2015-10-29,80.8
2015-10-30,80.97
2015-11-02,81.34
2015-11-03,81.65
2015-11-04,81.12
2015-11-05,81.41
2015-11-06,81.42
2015-11-09,80.3
2015-11-10,81.06
2015-11-11,80.58
2015-11-12,79.83
2015-11-13,77.73
2015-11-16,78.67
2015-11-17,78.82
2015-11-18,80.17
2015-11-19,80.27
2015-11-20,81.23
2015-11-23,81.53
2015-11-24,81.36
2015-11-25,81.77
2015-11-27,81.47
2015-11-30,80.78
2015-12-01,81.61
2015-12-02,80.9
2015-12-03,79.68
2015-12-04,81.22
2015-12-07,80.88
2015-12-08,80.64
2015-12-09,79.61
2015-12-10,79.88
2015-12-11,78.06
2015-12-14,78.46
2015-12-15,78.89
2015-12-16,80.21
2015-12-17,78.89
2015-12-18,77.33
2015-12-21,77.72
2015-12-22,78.29
2015-12-23,78.69
2015-12-24,78.48
2015-12-28,78.68
2015-12-29,79.59
2015-12-30,78.95
2015-12-31,78.16
2016-01-04,76.82
2016-01-05,76.72
2016-01-06,75.97
2016-01-07,74.41
2016-01-08,73.61
2016-01-11,74.19
2016-01-12,75.01
2016-01-13,72.48
2016-01-14,73.0
2016-01-15,71.5
2016-01-19,71.77
2016-01-20,71.14
2016-01-21,72.05
2016-01-22,73.31
2016-01-25,72.47
2016-01-26,73.53
2016-01-27,72.38
2016-01-28,73.31
2016-01-29,74.11
2016-02-01,74.56
2016-02-02,73.11
2016-02-03,72.92
2016-02-04,72.5
2016-02-05,70.16
2016-02-08,68.8
2016-02-09,68.69
2016-02-10,68.57
2016-02-11,68.53
2016-02-12,69.79
2016-02-16,71.48
2016-02-17,73.02
2016-02-18,72.54
2016-02-19,72.74
2016-02-22,74.15
2016-02-23,73.74
2016-02-24,74.17
2016-02-25,74.91
2016-02-26,74.83
2016-02-29,74.44
2016-03-01,76.41
2016-03-02,76.34
2016-03-03,76.79
2016-03-04,76.72
2016-03-07,76.39
2016-03-08,75.79
2016-03-09,75.94
2016-03-10,76.13
2016-03-11,77.3
2016-03-14,77.59
2016-03-15,77.57
2016-03-16,78.2
2016-03-17,78.31
2016-03-18,78.09
2016-03-21,78.13
2016-03-22,78.0
2016-03-23,77.45
2016-03-24,77.55
2016-03-28,77.9
2016-03-29,78.69
2016-03-30,79.19
2016-03-31,79.1
2016-04-01,79.43
2016-04-04,78.81
2016-04-05,78.14
2016-04-06,78.88
2016-04-07,77.99
2016-04-08,77.87
2016-04-11,77.58
2016-04-12,78.17
2016-04-13,79.27
2016-04-14,79.27
2016-04-15,79.49
2016-04-18,80.24
2016-04-19,79.8
2016-04-20,79.9
2016-04-21,79.62
2016-04-22,79.46
2016-04-25,79.55
2016-04-26,79.74
2016-04-27,79.66
2016-04-28,78.8
2016-04-29,79.2
2016-05-02,80.31
2016-05-03,79.57
2016-05-04,79.21
2016-05-05,78.7
2016-05-06,79.28
2016-05-09,79.5
2016-05-10,80.52
2016-05-11,78.9
2016-05-12,79.05
2016-05-13,78.11
2016-05-16,78.6
2016-05-17,77.71
2016-05-18,77.26
2016-05-19,77.19
2016-05-20,77.7
2016-05-23,77.43
2016-05-24,78.36
2016-05-25,78.79
2016-05-26,78.95
2016-05-27,79.32
2016-05-31,79.24
2016-06-01,79.19
2016-06-02,79.63
2016-06-03,79.11
2016-06-06,79.31
2016-06-07,79.41
2016-06-08,79.5
2016-06-09,79.32
2016-06-10,78.49
2016-06-13,78.06
2016-06-14,77.86
2016-06-15,78.08
2016-06-16,78.33
2016-06-17,77.93
2016-06-20,78.63
2016-06-21,78.45
2016-06-22,78.34
2016-06-23,79.11
2016-06-24,76.15
2016-06-27,74.77
2016-06-28,76.26
2016-06-29,77.49
2016-06-30,78.06
2016-07-01,78.87
2016-07-05,78.23
2016-07-06,78.9
2016-07-07,79.24
2016-07-08,80.62
2016-07-11,81.09
2016-07-12,81.41
2016-07-13,81.01
2016-07-14,81.34
2016-07-15,80.98
2016-07-18,81.29
2016-07-19,81.14
2016-07-20,81.48
2016-07-21,81.26
2016-07-22,81.6
2016-07-25,81.73
2016-07-26,81.63
2016-07-27,81.38
2016-07-28,81.53
2016-07-29,81.62
2016-08-01,81.75
2016-08-02,80.53
2016-08-03,80.76
2016-08-04,80.72
2016-08-05,81.57
2016-08-08,81.3
2016-08-09,81.06
2016-08-10,81.23
2016-08-11,82.04
2016-08-12,82.0
2016-08-15,82.16
2016-08-16,81.69
2016-08-17,81.5
2016-08-18,81.45
2016-08-19,81.5
2016-08-22,81.42
2016-08-23,81.83
2016-08-24,81.44
2016-08-25,81.17
2016-08-26,80.94
2016-08-29,81.22
2016-08-30,80.77
2016-08-31,80.56
2016-09-01,80.72
2016-09-02,80.88
2016-09-06,81.03
2016-09-07,81.07
2016-09-08,80.37
2016-09-09,78.43
2016-09-12,79.53
2016-09-13,78.4
2016-09-14,78.41
2016-09-15,78.98
2016-09-16,78.51
2016-09-19,78.45
2016-09-20,78.51
2016-09-21,79.27
2016-09-22,79.85
2016-09-23,79.67
2016-09-26,78.79
2016-09-27,79.59
2016-09-28,79.81
2016-09-29,79.4
2016-09-30,80.04
2016-10-03,79.99
2016-10-04,79.71
2016-10-05,80.04
2016-10-06,80.1
2016-10-07,79.74
2016-10-10,79.87
2016-10-11,78.9
2016-10-12,79.27
2016-10-13,78.98
2016-10-14,78.89
2016-10-17,78.24
2016-10-18,78.76
2016-10-19,79.11
2016-10-20,78.96
2016-10-21,79.59
2016-10-24,80.16
2016-10-25,79.22
2016-10-26,78.88
2016-10-27,78.22
2016-10-28,78.04
2016-10-31,78.1
2016-11-01,77.55
2016-11-02,77.08
2016-11-03,76.88
2016-11-04,76.73
2016-11-07,78.5
2016-11-08,78.82
2016-11-09,78.98
2016-11-10,79.27
2016-11-11,79.72
2016-11-14,79.73
2016-11-15,80.04
2016-11-16,80.48
2016-11-17,81.45
2016-11-18,81.2
2016-11-21,81.73
2016-11-22,82.7
2016-11-23,82.78
2016-11-25,82.98
2016-11-28,82.32
2016-11-29,82.54
2016-11-30,81.85
2016-12-01,81.89
2016-12-02,81.44
2016-12-05,82.33
2016-12-06,82.52
2016-12-07,84.12
2016-12-08,84.12
2016-12-09,84.31
2016-12-12,83.61
2016-12-13,84.36
2016-12-14,83.79
2016-12-15,83.59
2016-12-16,82.69
2016-12-19,82.91
2016-12-20,83.57
2016-12-21,83.53
2016-12-22,82.63
2016-12-23,82.45
2016-12-27,82.77
2016-12-28,82.2
2016-12-29,82.09
2016-12-30,81.4
2017-01-03,81.88
2017-01-04,82.97
2017-01-05,82.91
2017-01-06,83.32
2017-01-09,83.25
2017-01-10,83.55
2017-01-11,83.73
2017-01-12,83.65
2017-01-13,83.96
2017-01-17,84.1
2017-01-18,83.95
2017-01-19,83.69
2017-01-20,83.93
2017-01-23,83.99
2017-01-24,84.68
2017-01-25,85.2
2017-01-26,85.33
2017-01-27,85.06
2017-01-30,84.96
2017-01-31,84.83
2017-02-01,84.67
2017-02-02,84.6
2017-02-03,84.49
2017-02-06,84.24
2017-02-07,84.16
2017-02-08,84.68
2017-02-09,85.21
2017-02-10,85.73
2017-02-13,85.83
2017-02-14,86.32
2017-02-15,86.77
2017-02-16,86.33
2017-02-17,86.61
2017-02-21,87.11
2017-02-22,87.11
2017-02-23,86.52
2017-02-24,86.92
2017-02-27,87.02
2017-02-28,86.37
2017-03-01,87.34
2017-03-02,87.13
2017-03-03,87.0
2017-03-06,86.72
2017-03-07,86.44
2017-03-08,86.8
2017-03-09,86.72
2017-03-10,86.85
2017-03-13,87.08
2017-03-14,87.06
2017-03-15,87.52
2017-03-16,87.51
2017-03-17,87.36
2017-03-20,87.15
2017-03-21,86.05
2017-03-22,86.15
2017-03-23,86.35
2017-03-24,86.56
2017-03-27,86.53
2017-03-28,87.19
2017-03-29,87.71
2017-03-30,87.94
2017-03-31,87.95
2017-04-03,87.6
2017-04-04,87.46
2017-04-05,87.25
2017-04-06,87.52
2017-04-07,87.26
2017-04-10,87.58
2017-04-11,87.51
2017-04-12,87.16
2017-04-13,86.55
2017-04-17,87.44
2017-04-18,87.45
2017-04-19,87.53
2017-04-20,88.45
2017-04-21,88.25
2017-04-24,88.82
2017-04-25,89.52
2017-04-26,89.94
2017-04-27,90.42
2017-04-28,90.06
2017-05-01,90.18
2017-05-02,90.28
2017-05-03,89.75
2017-05-04,89.61
2017-05-05,90.17
2017-05-08,90.34
2017-05-09,90.86
2017-05-10,90.55
2017-05-11,90.01
2017-05-12,89.88
2017-05-15,89.9
2017-05-16,89.59
2017-05-17,88.14
2017-05-18,88.65
2017-05-19,89.25
2017-05-22,89.7
2017-05-23,89.36
2017-05-24,89.68
2017-05-25,90.47
2017-05-26,90.74
2017-05-30,90.81
2017-05-31,91.05
2017-06-01,91.91
2017-06-02,92.24
2017-06-05,91.99
2017-06-06,91.2
2017-06-07,91.36
2017-06-08,90.77
2017-06-09,90.37
2017-06-12,90.32
2017-06-13,90.88
2017-06-14,90.83
2017-06-15,90.45
2017-06-16,90.15
2017-06-19,90.84
2017-06-20,89.7
2017-06-21,89.84
2017-06-22,89.63
2017-06-23,89.52
2017-06-26,89.84
2017-06-27,89.13
2017-06-28,90.03
2017-06-29,89.16
2017-06-30,89.63
2017-07-03,89.54
2017-07-05,89.32
2017-07-06,88.41
2017-07-07,89.2
2017-07-10,89.39
2017-07-11,89.21
2017-07-12,89.89
2017-07-13,89.9
2017-07-14,90.19
2017-07-17,90.41
2017-07-18,90.82
2017-07-19,91.26
2017-07-20,91.07
2017-07-21,91.13
2017-07-24,90.82
2017-07-25,91.46
2017-07-26,91.42
2017-07-27,92.09
2017-07-28,91.39
2017-07-31,91.36
2017-08-01,91.52
2017-08-02,91.27
2017-08-03,91.02
2017-08-04,91.03
2017-08-07,91.24
2017-08-08,91.29
2017-08-09,90.76
2017-08-10,89.4
2017-08-11,89.86
2017-08-14,90.5
2017-08-15,89.67
2017-08-16,90.13
2017-08-17,88.69
2017-08-18,88.25
2017-08-21,88.41
2017-08-22,89.36
2017-08-23,88.6
2017-08-24,88.41
2017-08-25,88.63
2017-08-28,88.68
2017-08-29,88.6
2017-08-30,89.24
2017-08-31,89.66
2017-09-01,90.07
2017-09-05,89.7
2017-09-06,90.26
2017-09-07,89.48
2017-09-08,89.17
2017-09-11,89.64
2017-09-12,90.04
2017-09-13,90.69
2017-09-14,90.2
2017-09-15,89.63
2017-09-18,89.32
2017-09-19,89.24
2017-09-20,89.54
2017-09-21,89.39
2017-09-22,89.54
2017-09-25,89.35
2017-09-26,89.36
2017-09-27,89.85
2017-09-28,89.74
2017-09-29,90.08
2017-10-02,90.25
2017-10-03,90.63
2017-10-04,91.1
2017-10-05,91.61
2017-10-06,91.72
2017-10-09,91.43
2017-10-10,91.34
2017-10-11,91.24
2017-10-12,90.78
2017-10-13,91.22
2017-10-16,91.34
2017-10-17,91.39
2017-10-18,91.14
2017-10-19,91.14
2017-10-20,91.36
2017-10-23,90.74
2017-10-24,90.96
2017-10-25,90.61
2017-10-26,90.93
2017-10-27,92.4
2017-10-30,91.98
2017-10-31,91.99
2017-11-01,92.02
2017-11-02,91.33
2017-11-03,91.7
2017-11-06,92.37
2017-11-07,91.82
2017-11-08,91.92
2017-11-09,92.06
2017-11-10,92.37
2017-11-13,92.68
2017-11-14,92.76
2017-11-15,92.36
2017-11-16,93.13
2017-11-17,93.54
2017-11-20,93.72
2017-11-21,94.3
2017-11-22,94.39
2017-11-24,94.63
2017-11-27,94.7
2017-11-28,95.75
2017-11-29,96.16
2017-11-30,96.65
2017-12-01,96.61
