Date,Open,High,Low,Close,Adj Close,Volume
10/25/2012,16.51,16.51,16.51,16.51,14.489646,200
10/26/2012,16.52,16.52,16.52,16.52,14.534519,900
10/29/2012,16.58,16.58,16.58,16.58,14.587302,300
10/30/2012,16.540001,16.540001,16.540001,16.540001,14.552111,500
10/31/2012,16.58,16.58,16.58,16.58,14.587302,600
11/1/2012,16.59,16.59,16.57,16.57,14.578506,44600
11/2/2012,16.57,16.57,16.57,16.57,14.578506,0
11/5/2012,16.57,16.57,16.57,16.57,14.578506,0
11/6/2012,16.57,16.57,16.57,16.57,14.578506,0
11/7/2012,16.629999,16.639999,16.629999,16.639999,14.640097,1000
11/8/2012,16.639999,16.639999,16.639999,16.639999,14.640097,0
11/9/2012,16.67,16.67,16.67,16.67,14.666493,300
11/12/2012,16.67,16.67,16.67,16.67,14.666493,0
11/13/2012,16.68,16.68,16.68,16.68,14.675291,300
11/14/2012,16.65,16.67,16.65,16.67,14.666493,14300
11/15/2012,16.67,16.67,16.67,16.67,14.666493,75200
11/16/2012,16.67,16.67,16.67,16.67,14.666493,1000
11/19/2012,16.620001,16.629999,16.620001,16.629999,14.631296,700
11/20/2012,16.639999,16.639999,16.639999,16.639999,14.640097,1600
11/21/2012,16.639999,16.639999,16.639999,16.639999,14.640097,0
11/22/2012,16.639999,16.639999,16.639999,16.639999,14.640097,0
11/23/2012,16.639999,16.639999,16.639999,16.639999,14.640097,0
11/26/2012,16.59,16.59,16.59,16.59,14.596108,1000
11/27/2012,16.59,16.59,16.59,16.59,14.632263,0
11/28/2012,16.59,16.59,16.59,16.59,14.632263,0
11/29/2012,16.620001,16.620001,16.610001,16.610001,14.6499,4000
11/30/2012,16.629999,16.629999,16.629999,16.629999,14.667542,100
12/3/2012,16.610001,16.610001,16.610001,16.610001,14.6499,200
12/4/2012,16.629999,16.629999,16.629999,16.629999,14.667542,200
12/5/2012,16.65,16.65,16.65,16.65,14.685185,200
12/6/2012,16.67,16.67,16.67,16.67,14.702826,200
12/7/2012,16.620001,16.620001,16.620001,16.620001,14.658726,100
12/10/2012,16.639999,16.639999,16.639999,16.639999,14.676363,22300
12/11/2012,16.639999,16.639999,16.629999,16.629999,14.667542,4600
12/12/2012,16.620001,16.620001,16.6,16.610001,14.6499,3500
12/13/2012,16.549999,16.549999,16.530001,16.530001,14.57935,500
12/14/2012,16.530001,16.530001,16.530001,16.530001,14.57935,0
12/17/2012,16.530001,16.530001,16.530001,16.530001,14.57935,800
12/18/2012,16.5,16.5,16.48,16.5,14.552884,1300
12/19/2012,16.51,16.51,16.51,16.51,14.561706,600
12/20/2012,16.52,16.52,16.52,16.52,14.570524,200
12/21/2012,16.540001,16.540001,16.540001,16.540001,14.588168,100
12/24/2012,16.540001,16.540001,16.540001,16.540001,14.624421,0
12/27/2012,16.540001,16.540001,16.540001,16.540001,14.624421,29200
12/28/2012,16.540001,16.540001,16.540001,16.540001,14.624421,0
12/31/2012,16.540001,16.540001,16.540001,16.540001,14.624421,0
1/2/2013,16.540001,16.540001,16.540001,16.540001,14.624421,0
1/3/2013,16.41,16.41,16.41,16.41,14.509475,200
1/4/2013,16.379999,16.379999,16.35,16.35,14.456426,700
1/7/2013,16.35,16.389999,16.35,16.389999,14.491792,2100
1/8/2013,16.4,16.4,16.4,16.4,14.500632,300
1/9/2013,16.4,16.4,16.4,16.4,14.500632,0
1/10/2013,16.4,16.4,16.379999,16.379999,14.48295,2200
1/11/2013,16.360001,16.370001,16.360001,16.370001,14.474106,600
1/14/2013,16.42,16.42,16.4,16.4,14.500632,1800
1/15/2013,16.4,16.4,16.4,16.4,14.500632,0
1/16/2013,16.450001,16.450001,16.450001,16.450001,14.544839,200
1/17/2013,16.41,16.41,16.4,16.4,14.500632,29400
1/18/2013,16.42,16.43,16.42,16.43,14.527155,1900
1/21/2013,16.42,16.42,16.41,16.41,14.509475,1000
1/22/2013,16.42,16.43,16.42,16.43,14.527155,73100
1/23/2013,16.43,16.43,16.43,16.43,14.527155,0
1/24/2013,16.459999,16.469999,16.450001,16.459999,14.553679,4400
1/25/2013,16.43,16.43,16.42,16.42,14.518317,8100
1/28/2013,16.34,16.34,16.34,16.34,14.483746,400
1/29/2013,16.32,16.34,16.32,16.34,14.483746,1200
1/30/2013,16.309999,16.309999,16.299999,16.299999,14.448291,400
1/31/2013,16.299999,16.299999,16.299999,16.299999,14.448291,0
2/1/2013,16.299999,16.299999,16.299999,16.299999,14.448291,0
2/4/2013,16.299999,16.299999,16.299999,16.299999,14.448291,0
2/5/2013,16.299999,16.299999,16.299999,16.299999,14.448291,700
2/6/2013,16.34,16.34,16.33,16.33,14.474884,6500
2/7/2013,16.33,16.33,16.33,16.33,14.474884,0
2/8/2013,16.33,16.33,16.33,16.33,14.474884,0
2/11/2013,16.4,16.4,16.370001,16.370001,14.510343,11900
2/12/2013,16.360001,16.360001,16.360001,16.360001,14.501476,6100
2/13/2013,16.280001,16.299999,16.280001,16.290001,14.439424,2500
2/14/2013,16.290001,16.290001,16.290001,16.290001,14.439424,0
2/15/2013,16.370001,16.370001,16.32,16.32,14.46602,5700
2/19/2013,16.379999,16.379999,16.379999,16.379999,14.519204,200
2/20/2013,16.33,16.33,16.33,16.33,14.474884,2100
2/21/2013,16.360001,16.379999,16.360001,16.379999,14.519204,300
2/22/2013,16.379999,16.379999,16.379999,16.379999,14.519204,6300
2/25/2013,16.370001,16.42,16.370001,16.42,14.591177,15800
2/26/2013,16.469999,16.469999,16.469999,16.469999,14.635608,2200
2/27/2013,16.469999,16.469999,16.469999,16.469999,14.635608,0
2/28/2013,16.5,16.5,16.49,16.5,14.662269,4400
3/1/2013,16.540001,16.549999,16.52,16.549999,14.706699,5300
3/4/2013,16.549999,16.549999,16.549999,16.549999,14.706699,0
3/5/2013,16.549999,16.549999,16.549999,16.549999,14.706699,0
3/6/2013,16.549999,16.549999,16.549999,16.549999,14.706699,0
3/7/2013,16.49,16.49,16.459999,16.459999,14.626723,13300
3/8/2013,16.42,16.42,16.41,16.41,14.582297,2900
3/11/2013,16.43,16.43,16.42,16.42,14.591177,3100
3/12/2013,16.450001,16.459999,16.450001,16.459999,14.626723,4400
3/13/2013,16.43,16.440001,16.42,16.440001,14.608953,6000
3/14/2013,16.41,16.42,16.41,16.42,14.591177,4200
3/15/2013,16.42,16.459999,16.42,16.450001,14.61784,10600
3/18/2013,16.5,16.5,16.5,16.5,14.662269,4000
3/19/2013,16.5,16.5,16.5,16.5,14.662269,0
3/20/2013,16.51,16.51,16.51,16.51,14.671156,7100
3/21/2013,16.540001,16.540001,16.540001,16.540001,14.697817,1500
3/22/2013,16.530001,16.530001,16.530001,16.530001,14.68893,2100
3/25/2013,16.5,16.5,16.5,16.5,14.698726,200
3/26/2013,16.48,16.49,16.48,16.49,14.689818,400
3/27/2013,16.549999,16.549999,16.549999,16.549999,14.743271,300
3/28/2013,16.559999,16.559999,16.559999,16.559999,14.752182,1600
4/1/2013,16.52,16.549999,16.52,16.549999,14.743271,900
4/2/2013,16.52,16.52,16.51,16.51,14.707641,72900
4/3/2013,16.51,16.51,16.51,16.51,14.707641,0
4/4/2013,16.51,16.51,16.51,16.51,14.707641,0
4/5/2013,16.68,16.68,16.66,16.66,14.841261,6500
4/8/2013,16.67,16.67,16.65,16.65,14.832352,2100
4/9/2013,16.65,16.65,16.629999,16.629999,14.814535,17000
4/10/2013,16.620001,16.620001,16.6,16.6,14.787814,1300
4/11/2013,16.629999,16.629999,16.620001,16.629999,14.814535,3800
4/12/2013,16.66,16.68,16.66,16.68,14.859079,4200
4/15/2013,16.67,16.700001,16.67,16.700001,14.876895,11300
4/16/2013,16.67,16.68,16.67,16.68,14.859079,9400
4/17/2013,16.700001,16.719999,16.700001,16.700001,14.876895,3300
4/18/2013,16.700001,16.700001,16.700001,16.700001,14.876895,1500
4/19/2013,16.67,16.68,16.67,16.68,14.859079,1300
4/22/2013,16.709999,16.709999,16.700001,16.700001,14.876895,5500
4/23/2013,16.709999,16.709999,16.690001,16.690001,14.867986,53000
4/24/2013,16.690001,16.690001,16.68,16.68,14.859079,15100
4/25/2013,16.629999,16.629999,16.629999,16.629999,14.851041,5600
4/26/2013,16.67,16.67,16.65,16.65,14.868901,26100
4/29/2013,16.68,16.68,16.66,16.66,14.877831,6200
4/30/2013,16.67,16.690001,16.67,16.68,14.89569,55100
5/1/2013,16.709999,16.709999,16.690001,16.709999,14.922482,9800
5/2/2013,16.700001,16.700001,16.700001,16.700001,14.913551,51000
5/3/2013,16.66,16.66,16.59,16.59,14.815316,10700
5/6/2013,16.639999,16.639999,16.59,16.59,14.815316,18700
5/7/2013,16.549999,16.57,16.540001,16.57,14.797457,8500
5/8/2013,16.57,16.59,16.559999,16.59,14.815316,5000
5/9/2013,16.559999,16.6,16.559999,16.58,14.806384,21500
5/10/2013,16.57,16.57,16.469999,16.51,14.743879,30300
5/13/2013,16.469999,16.49,16.459999,16.469999,14.708155,13600
5/14/2013,16.459999,16.469999,16.43,16.43,14.672436,32700
5/15/2013,16.469999,16.469999,16.459999,16.459999,14.699226,5900
5/16/2013,16.469999,16.52,16.469999,16.48,14.717085,34800
5/17/2013,16.52,16.52,16.459999,16.459999,14.699226,6500
5/21/2013,16.48,16.48,16.469999,16.48,14.717085,2600
5/22/2013,16.49,16.51,16.43,16.459999,14.699226,68600
5/23/2013,16.440001,16.440001,16.43,16.43,14.672436,3800
5/24/2013,16.469999,16.469999,16.450001,16.459999,14.699226,57300
5/27/2013,16.4,16.4,16.4,16.4,14.645644,5100
5/28/2013,16.360001,16.360001,16.26,16.280001,14.574917,8400
5/29/2013,16.26,16.27,16.25,16.27,14.565969,20400
5/30/2013,16.290001,16.299999,16.27,16.280001,14.574917,87800
5/31/2013,16.309999,16.309999,16.26,16.290001,14.583872,19200
6/3/2013,16.27,16.32,16.27,16.32,14.61073,20800
6/4/2013,16.27,16.299999,16.26,16.290001,14.583872,419900
6/5/2013,16.280001,16.32,16.280001,16.32,14.61073,33200
6/6/2013,16.32,16.370001,16.299999,16.309999,14.601774,95700
6/7/2013,16.290001,16.290001,16.209999,16.219999,14.521202,87700
6/10/2013,16.200001,16.200001,16.129999,16.129999,14.440628,14000
6/11/2013,16.15,16.17,16.15,16.17,14.476438,10100
6/12/2013,16.139999,16.17,16.139999,16.15,14.458534,11200
6/13/2013,16.16,16.18,16.15,16.18,14.485394,380400
6/14/2013,16.25,16.25,16.23,16.23,14.530154,25800
6/17/2013,16.27,16.27,16.200001,16.23,14.530154,5800
6/18/2013,16.200001,16.219999,16.200001,16.209999,14.512244,7000
6/19/2013,16.209999,16.219999,16.1,16.120001,14.431676,29900
6/20/2013,16.030001,16.059999,15.99,16.040001,14.360056,7400
6/21/2013,16,16,15.87,15.87,14.207859,1200
6/24/2013,15.8,15.86,15.78,15.86,14.198906,1000
6/25/2013,15.76,15.81,15.76,15.76,14.143269,1100
6/26/2013,15.8,15.82,15.78,15.78,14.161211,26000
6/27/2013,15.89,15.9,15.89,15.9,14.268908,5300
6/28/2013,15.87,15.91,15.86,15.91,14.277878,12500
7/2/2013,15.92,15.92,15.9,15.92,14.286851,1000
7/3/2013,15.89,15.89,15.89,15.89,14.25993,200
7/4/2013,15.91,15.91,15.87,15.87,14.241985,30500
7/5/2013,15.76,15.79,15.75,15.78,14.161211,1500
7/8/2013,15.83,15.87,15.82,15.87,14.241985,182300
7/9/2013,15.85,15.88,15.84,15.88,14.250957,2200
7/10/2013,15.83,15.85,15.8,15.83,14.206086,9200
7/11/2013,15.89,15.91,15.87,15.91,14.277878,11700
7/12/2013,15.92,15.92,15.89,15.92,14.286851,13500
7/15/2013,15.91,15.93,15.91,15.93,14.29583,1600
7/16/2013,15.92,15.96,15.92,15.96,14.322751,6900
7/17/2013,16,16.01,15.97,15.97,14.331726,6600
7/18/2013,15.97,15.99,15.97,15.98,14.3407,2600
7/19/2013,16,16.01,15.99,16.01,14.367621,600
7/22/2013,16.01,16.01,15.99,15.99,14.349673,4800
7/23/2013,15.97,15.98,15.95,15.95,14.313774,8900
7/24/2013,15.87,15.9,15.86,15.88,14.250957,6400
7/25/2013,15.87,15.91,15.87,15.91,14.277878,3400
7/26/2013,15.89,15.89,15.85,15.89,14.294069,4700
7/29/2013,15.87,15.87,15.87,15.87,14.276078,1400
7/30/2013,15.86,15.86,15.8,15.8,14.213109,10800
7/31/2013,15.73,15.87,15.73,15.87,14.276078,1200
8/1/2013,15.83,15.83,15.75,15.76,14.177128,2500
8/2/2013,15.83,15.87,15.82,15.87,14.276078,1600
8/6/2013,15.81,15.83,15.8,15.83,14.240095,2300
8/7/2013,15.83,15.86,15.81,15.85,14.258087,6200
8/8/2013,15.86,15.87,15.83,15.86,14.267084,400
8/9/2013,15.86,15.86,15.84,15.84,14.249094,1500
8/12/2013,15.86,15.86,15.84,15.84,14.249094,2000
8/13/2013,15.77,15.77,15.71,15.74,14.159136,4400
8/14/2013,15.72,15.72,15.71,15.72,14.14115,18500
8/15/2013,15.67,15.67,15.63,15.67,14.096167,6500
8/16/2013,15.65,15.68,15.6,15.62,14.051189,39400
8/19/2013,15.6,15.6,15.6,15.6,14.033198,800
8/20/2013,15.66,15.66,15.66,15.66,14.087172,300
8/21/2013,15.66,15.66,15.66,15.66,14.087172,0
8/22/2013,15.66,15.66,15.66,15.66,14.087172,0
8/23/2013,15.6,15.62,15.6,15.62,14.051189,700
8/26/2013,15.73,15.73,15.71,15.71,14.132148,1900
8/27/2013,15.71,15.71,15.71,15.71,14.166419,0
8/28/2013,15.71,15.71,15.71,15.71,14.166419,0
8/29/2013,15.69,15.69,15.69,15.69,14.148377,20000
8/30/2013,15.69,15.69,15.69,15.69,14.148377,0
9/3/2013,15.69,15.69,15.63,15.63,14.094277,800
9/4/2013,15.63,15.63,15.63,15.63,14.094277,0
9/5/2013,15.53,15.53,15.53,15.53,14.004102,300
9/6/2013,15.53,15.53,15.53,15.53,14.004102,0
9/9/2013,15.58,15.6,15.58,15.6,14.067223,45600
9/10/2013,15.52,15.55,15.51,15.51,13.986067,11200
9/11/2013,15.54,15.54,15.52,15.52,13.995084,6800
9/12/2013,15.57,15.57,15.56,15.56,14.031155,2500
9/13/2013,15.56,15.56,15.56,15.56,14.031155,3300
9/16/2013,15.63,15.63,15.58,15.58,14.049189,22600
9/17/2013,15.56,15.56,15.56,15.56,14.031155,1700
9/18/2013,15.52,15.64,15.52,15.64,14.103293,1400
9/19/2013,15.7,15.7,15.64,15.64,14.103293,6300
9/20/2013,15.64,15.64,15.64,15.64,14.103293,0
9/23/2013,15.72,15.72,15.71,15.71,14.166419,3100
9/24/2013,15.79,15.79,15.79,15.79,14.238557,400
9/25/2013,15.76,15.76,15.76,15.76,14.245785,2100
9/26/2013,15.77,15.77,15.74,15.74,14.227707,3400
9/27/2013,15.78,15.78,15.78,15.78,14.263867,400
9/30/2013,15.78,15.78,15.76,15.78,14.263867,9300
10/1/2013,15.79,15.79,15.77,15.77,14.254827,13300
10/2/2013,15.77,15.77,15.77,15.77,14.254827,3000
10/3/2013,15.77,15.77,15.77,15.77,14.254827,0
10/4/2013,15.75,15.76,15.74,15.74,14.227707,4300
10/7/2013,15.74,15.74,15.74,15.74,14.227707,0
10/8/2013,15.77,15.78,15.76,15.78,14.263867,12100
10/9/2013,15.77,15.8,15.77,15.79,14.272903,20200
10/10/2013,15.76,15.76,15.74,15.74,14.227707,4200
10/11/2013,15.74,15.78,15.74,15.78,14.263867,9500
10/15/2013,15.72,15.72,15.72,15.72,14.20963,300
10/16/2013,15.77,15.77,15.77,15.77,14.254827,3100
10/17/2013,15.8,15.83,15.8,15.82,14.300023,12800
10/18/2013,15.83,15.86,15.83,15.86,14.336181,4400
10/21/2013,15.84,15.84,15.81,15.81,14.290983,6400
10/22/2013,15.88,15.9,15.88,15.9,14.372337,7200
10/23/2013,15.94,15.97,15.94,15.96,14.426573,4800
10/24/2013,15.97,15.99,15.97,15.97,14.435611,7200
10/25/2013,15.99,16,15.99,15.99,14.453687,5300
10/28/2013,15.95,15.95,15.94,15.94,14.442814,800
10/29/2013,15.94,15.94,15.93,15.94,14.442814,1000
10/30/2013,15.99,15.99,15.98,15.98,14.479061,2700
10/31/2013,15.98,15.98,15.98,15.98,14.479061,0
11/1/2013,15.9,15.9,15.87,15.87,14.379391,1500
11/4/2013,15.87,15.87,15.87,15.87,14.379391,0
11/5/2013,15.87,15.87,15.87,15.87,14.379391,0
11/6/2013,15.83,15.83,15.83,15.83,14.343145,300
11/7/2013,15.85,15.86,15.84,15.86,14.370329,113400
11/8/2013,15.77,15.78,15.76,15.77,14.288785,3700
11/11/2013,15.79,15.79,15.76,15.76,14.279723,1900
11/12/2013,15.76,15.76,15.76,15.76,14.279723,0
11/13/2013,15.74,15.75,15.74,15.75,14.270664,4100
11/14/2013,15.83,15.83,15.83,15.83,14.343145,500
11/15/2013,15.86,15.86,15.81,15.85,14.361273,3400
11/18/2013,15.84,15.87,15.84,15.87,14.379391,800
11/19/2013,15.87,15.87,15.85,15.85,14.361273,12100
11/20/2013,15.84,15.84,15.84,15.84,14.352211,2200
11/21/2013,15.8,15.81,15.8,15.81,14.325025,5400
11/22/2013,15.85,15.87,15.84,15.86,14.370329,43800
11/25/2013,15.88,15.88,15.86,15.86,14.370329,20700
11/26/2013,15.87,15.87,15.87,15.87,14.413927,300
11/27/2013,15.86,15.87,15.85,15.87,14.413927,2700
11/28/2013,15.89,15.89,15.89,15.89,14.432091,1100
11/29/2013,15.86,15.87,15.86,15.87,14.413927,1400
12/2/2013,15.82,15.82,15.82,15.82,14.368517,400
12/3/2013,15.84,15.84,15.84,15.84,14.386682,1600
12/4/2013,15.81,15.81,15.8,15.8,14.350348,2700
12/5/2013,15.78,15.78,15.78,15.78,14.332184,3500
12/6/2013,15.78,15.78,15.74,15.77,14.323101,12100
12/9/2013,15.77,15.77,15.77,15.77,14.323101,400
12/10/2013,15.84,15.84,15.84,15.84,14.386682,500
12/11/2013,15.82,15.82,15.82,15.82,14.368517,300
12/12/2013,15.82,15.82,15.82,15.82,14.368517,0
12/13/2013,15.79,15.79,15.78,15.78,14.332184,1200
12/16/2013,15.78,15.78,15.77,15.77,14.323101,18000
12/17/2013,15.77,15.77,15.77,15.77,14.323101,0
12/18/2013,15.79,15.79,15.79,15.79,14.341265,3000
12/19/2013,15.75,15.75,15.75,15.75,14.304934,1400
12/20/2013,15.8,15.82,15.78,15.8,14.350348,6900
12/23/2013,15.8,15.8,15.79,15.79,14.341265,1200
12/24/2013,15.73,15.73,15.7,15.7,14.293925,3500
12/27/2013,15.67,15.67,15.65,15.67,14.266608,4400
12/30/2013,15.68,15.68,15.68,15.68,14.275712,200
12/31/2013,15.68,15.68,15.68,15.68,14.275712,400
1/2/2014,15.69,15.69,15.69,15.69,14.284821,900
1/3/2014,15.69,15.69,15.69,15.69,14.284821,0
1/6/2014,15.67,15.71,15.67,15.71,14.303028,900
1/7/2014,15.74,15.76,15.74,15.74,14.330339,2200
1/8/2014,15.73,15.73,15.73,15.73,14.321239,1200
1/9/2014,15.73,15.73,15.73,15.73,14.321239,0
1/10/2014,15.84,15.85,15.84,15.85,14.430488,1900
1/13/2014,15.93,15.93,15.92,15.92,14.494221,500
1/14/2014,15.91,15.91,15.89,15.89,14.466908,2300
1/15/2014,15.89,15.89,15.89,15.89,14.466908,0
1/16/2014,15.9,15.9,15.9,15.9,14.476009,1400
1/17/2014,15.95,15.98,15.95,15.98,14.548844,19100
1/20/2014,16,16.01,16,16.01,14.576164,11000
1/21/2014,15.98,15.98,15.95,15.95,14.521534,2000
1/22/2014,15.94,15.96,15.94,15.96,14.53064,500
1/23/2014,16.08,16.08,16.07,16.07,14.630788,4300
1/24/2014,16.09,16.09,16.09,16.09,14.648993,800
1/27/2014,16.07,16.07,16.07,16.07,14.630788,9300
1/28/2014,16.02,16.02,16.02,16.02,14.619833,700
1/29/2014,16.059999,16.07,16.040001,16.07,14.665464,4800
1/30/2014,16.07,16.07,16.07,16.07,14.665464,0
1/31/2014,16.09,16.09,16.09,16.09,14.683718,500
2/3/2014,16.110001,16.110001,16.110001,16.110001,14.701969,300
2/4/2014,16.08,16.08,16.08,16.08,14.674594,400
2/5/2014,16.08,16.08,16.059999,16.08,14.674594,151100
2/6/2014,16.049999,16.049999,16.02,16.02,14.619833,5700
2/7/2014,16.040001,16.059999,16.040001,16.059999,14.65634,5600
2/10/2014,16.040001,16.040001,16.040001,16.040001,14.638086,500
2/11/2014,16.040001,16.040001,16.040001,16.040001,14.638086,0
2/12/2014,16,16,15.95,15.95,14.555952,6400
2/13/2014,16.01,16.02,16.01,16.02,14.619833,1400
2/14/2014,15.99,15.99,15.99,15.99,14.592456,5500
2/18/2014,16.01,16.01,16.01,16.01,14.610708,600
2/19/2014,16.049999,16.049999,16.040001,16.040001,14.638086,900
2/20/2014,16.030001,16.030001,16.030001,16.030001,14.628962,4500
2/21/2014,16.030001,16.059999,16.030001,16.059999,14.65634,1100
2/24/2014,16.049999,16.049999,16.049999,16.049999,14.64721,1100
2/25/2014,16.02,16.040001,16.02,16.040001,14.672827,1400
2/26/2014,16.07,16.07,16.07,16.07,14.70027,2000
2/27/2014,16.110001,16.120001,16.110001,16.120001,14.746008,700
2/28/2014,16.1,16.1,16.08,16.08,14.709416,2000
3/3/2014,16.120001,16.120001,16.120001,16.120001,14.746008,400
3/4/2014,16.110001,16.110001,16.110001,16.110001,14.73686,3300
3/5/2014,16.059999,16.07,16.059999,16.07,14.70027,6100
3/6/2014,16.02,16.02,16.02,16.02,14.654533,1400
3/7/2014,16.01,16.01,16.01,16.01,14.645383,1000
3/10/2014,16.02,16.030001,16.02,16.030001,14.663682,1200
3/11/2014,16,16.049999,16,16.049999,14.681974,3800
3/12/2014,16.07,16.08,16.07,16.08,14.709416,7800
3/13/2014,16.07,16.139999,16.07,16.139999,14.764301,10200
3/14/2014,16.18,16.18,16.18,16.18,14.800895,1300
3/17/2014,16.129999,16.129999,16.129999,16.129999,14.755157,1300
3/18/2014,16.1,16.1,16.1,16.1,14.727712,600
3/19/2014,16.129999,16.129999,16.1,16.1,14.727712,1400
3/20/2014,16.1,16.1,16.1,16.1,14.727712,0
3/21/2014,15.99,16.040001,15.99,16.040001,14.672827,2100
3/24/2014,16.040001,16.040001,16.040001,16.040001,14.672827,900
3/25/2014,16.040001,16.049999,16.040001,16.049999,14.681974,2400
3/26/2014,16.02,16.02,16.02,16.02,14.68931,5500
3/27/2014,16.040001,16.040001,16.040001,16.040001,14.707652,4100
3/28/2014,16.02,16.02,16.02,16.02,14.68931,4500
3/31/2014,15.97,15.97,15.97,15.97,14.643462,2600
4/1/2014,15.98,15.98,15.98,15.98,14.652632,200
4/2/2014,15.94,15.94,15.93,15.93,14.606785,2600
4/3/2014,15.91,15.91,15.91,15.91,14.588448,500
4/4/2014,15.96,15.97,15.96,15.97,14.643462,346700
4/7/2014,16.01,16.01,16.01,16.01,14.680142,4700
4/8/2014,16,16.01,15.99,16.01,14.680142,8200
4/9/2014,16,16,15.99,15.99,14.661801,4000
4/10/2014,16.059999,16.059999,16.059999,16.059999,14.725985,400
4/11/2014,16.059999,16.059999,16.059999,16.059999,14.725985,0
4/14/2014,16.07,16.08,16.07,16.08,14.744327,2300
4/15/2014,16.08,16.110001,16.08,16.110001,14.771834,4000
4/16/2014,16.110001,16.110001,16.110001,16.110001,14.771834,0
4/17/2014,16.049999,16.049999,16.02,16.02,14.68931,1700
4/21/2014,16.059999,16.059999,16.059999,16.059999,14.725985,1700
4/22/2014,16.059999,16.059999,16.059999,16.059999,14.725985,0
4/23/2014,16.08,16.08,16.07,16.08,14.744327,4000
4/24/2014,16.059999,16.059999,16.059999,16.059999,14.725985,1000
4/25/2014,16.059999,16.059999,16.059999,16.059999,14.76091,12800
4/28/2014,16.030001,16.030001,16.02,16.02,14.724149,700
4/29/2014,16.02,16.02,16.02,16.02,14.724149,500
4/30/2014,16.02,16.02,16.02,16.02,14.724149,0
5/1/2014,16.09,16.09,16.09,16.09,14.788487,2800
5/2/2014,16.09,16.1,16.07,16.1,14.797677,21100
5/5/2014,16.1,16.110001,16.1,16.1,14.797677,3000
5/6/2014,16.1,16.1,16.1,16.1,14.797677,1400
5/7/2014,16.1,16.1,16.1,16.1,14.797677,0
5/8/2014,16.1,16.1,16.1,16.1,14.797677,4100
5/9/2014,16.1,16.1,16.1,16.1,14.797677,600
5/12/2014,16.07,16.07,16.07,16.07,14.770105,1500
5/13/2014,16.1,16.1,16.1,16.1,14.797677,1000
5/14/2014,16.139999,16.139999,16.139999,16.139999,14.834444,600
5/15/2014,16.139999,16.139999,16.139999,16.139999,14.834444,0
5/16/2014,16.219999,16.219999,16.190001,16.190001,14.880393,1700
5/20/2014,16.209999,16.209999,16.200001,16.200001,14.88959,1200
5/21/2014,16.16,16.16,16.16,16.16,14.852827,400
5/22/2014,16.16,16.16,16.16,16.16,14.852827,0
5/23/2014,16.17,16.17,16.17,16.17,14.862019,400
5/26/2014,16.16,16.16,16.139999,16.139999,14.834444,600
5/27/2014,16.129999,16.139999,16.129999,16.129999,14.860239,4400
5/28/2014,16.190001,16.209999,16.190001,16.209999,14.933939,2500
5/29/2014,16.23,16.23,16.200001,16.200001,14.924726,9500
5/30/2014,16.17,16.200001,16.17,16.200001,14.924726,800
6/2/2014,16.16,16.16,16.139999,16.139999,14.869447,6100
6/3/2014,16.110001,16.110001,16.110001,16.110001,14.84181,400
6/4/2014,16.1,16.1,16.1,16.1,14.832601,4100
6/5/2014,16.059999,16.1,16.059999,16.1,14.832601,3200
6/6/2014,16.1,16.1,16.1,16.1,14.832601,0
6/9/2014,16.1,16.1,16.1,16.1,14.832601,0
6/10/2014,16.1,16.1,16.1,16.1,14.832601,2700
6/11/2014,16.110001,16.110001,16.110001,16.110001,14.84181,500
6/12/2014,16.110001,16.110001,16.110001,16.110001,14.84181,700
6/13/2014,16.110001,16.110001,16.110001,16.110001,14.84181,600
6/16/2014,16.120001,16.129999,16.120001,16.129999,14.860239,3600
6/17/2014,16.16,16.16,16.15,16.15,14.878664,3100
6/18/2014,16.15,16.15,16.15,16.15,14.878664,0
6/19/2014,16.200001,16.200001,16.190001,16.190001,14.915512,900
6/20/2014,16.190001,16.190001,16.190001,16.190001,14.915512,0
6/23/2014,16.17,16.17,16.120001,16.120001,14.851026,1500
6/24/2014,16.15,16.15,16.15,16.15,14.878664,900
6/25/2014,16.190001,16.190001,16.15,16.15,14.913758,700
6/26/2014,16.15,16.15,16.15,16.15,14.913758,0
6/27/2014,16.15,16.15,16.15,16.15,14.913758,0
6/30/2014,16.15,16.15,16.15,16.15,14.913758,0
7/2/2014,16.15,16.15,16.09,16.09,14.858346,2400
7/3/2014,16.07,16.07,16.07,16.07,14.839881,100
7/4/2014,16.110001,16.110001,16.110001,16.110001,14.876817,600
7/7/2014,16.120001,16.120001,16.120001,16.120001,14.88605,400
7/8/2014,16.15,16.17,16.15,16.17,14.932225,2500
7/9/2014,16.17,16.17,16.17,16.17,14.932225,0
7/10/2014,16.24,16.24,16.200001,16.200001,14.959928,900
7/11/2014,16.200001,16.200001,16.200001,16.200001,14.959928,0
7/14/2014,16.219999,16.219999,16.219999,16.219999,14.978393,900
7/15/2014,16.219999,16.219999,16.219999,16.219999,14.978393,0
7/16/2014,16.219999,16.219999,16.219999,16.219999,14.978393,0
7/17/2014,16.290001,16.290001,16.290001,16.290001,15.043037,500
7/18/2014,16.290001,16.290001,16.290001,16.290001,15.043037,0
7/21/2014,16.309999,16.309999,16.309999,16.309999,15.061505,1100
7/22/2014,16.32,16.33,16.299999,16.33,15.07998,7800
7/23/2014,16.33,16.33,16.33,16.33,15.07998,0
7/24/2014,16.290001,16.290001,16.290001,16.290001,15.043037,1900
7/25/2014,16.32,16.32,16.32,16.32,15.070744,200
7/28/2014,16.299999,16.299999,16.280001,16.290001,15.078146,2300
7/29/2014,16.290001,16.290001,16.290001,16.290001,15.078146,0
7/30/2014,16.27,16.27,16.26,16.26,15.05038,4400
7/31/2014,16.219999,16.219999,16.219999,16.219999,15.01335,2200
8/1/2014,16.219999,16.219999,16.219999,16.219999,15.01335,0
8/5/2014,16.299999,16.299999,16.299999,16.299999,15.087404,1800
8/6/2014,16.32,16.32,16.32,16.32,15.105919,200
8/7/2014,16.33,16.33,16.33,16.33,15.11517,500
8/8/2014,16.33,16.33,16.33,16.33,15.11517,0
8/11/2014,16.370001,16.370001,16.35,16.35,15.133684,900
8/12/2014,16.33,16.33,16.299999,16.299999,15.087404,2100
8/13/2014,16.309999,16.309999,16.309999,16.309999,15.096661,300
8/14/2014,16.35,16.35,16.35,16.35,15.133684,2600
8/15/2014,16.360001,16.379999,16.360001,16.379999,15.161448,2800
8/18/2014,16.379999,16.379999,16.379999,16.379999,15.161448,0
8/19/2014,16.35,16.35,16.35,16.35,15.133684,2100
8/20/2014,16.35,16.35,16.309999,16.309999,15.096661,700
8/21/2014,16.299999,16.34,16.299999,16.34,15.124423,500
8/22/2014,16.34,16.34,16.34,16.34,15.124423,4000
8/25/2014,16.35,16.35,16.35,16.35,15.133684,500
8/26/2014,16.34,16.34,16.34,16.34,15.159661,500
8/27/2014,16.35,16.35,16.35,16.35,15.168937,11800
8/28/2014,16.35,16.35,16.35,16.35,15.168937,0
8/29/2014,16.379999,16.379999,16.379999,16.379999,15.196769,2300
9/2/2014,16.32,16.32,16.299999,16.299999,15.122553,1400
9/3/2014,16.27,16.27,16.27,16.27,15.09472,1900
9/4/2014,16.290001,16.290001,16.290001,16.290001,15.113276,900
9/5/2014,16.299999,16.299999,16.299999,16.299999,15.122553,2100
9/8/2014,16.280001,16.280001,16.24,16.24,15.066885,6200
9/9/2014,16.219999,16.219999,16.209999,16.209999,15.039053,1900
9/10/2014,16.200001,16.200001,16.190001,16.190001,15.020497,4100
9/11/2014,16.190001,16.190001,16.190001,16.190001,15.020497,0
9/12/2014,16.16,16.16,16.16,16.16,14.99266,1400
9/15/2014,16.16,16.17,16.16,16.17,15.00194,1700
9/16/2014,16.17,16.17,16.17,16.17,15.00194,0
9/17/2014,16.17,16.17,16.17,16.17,15.00194,0
9/18/2014,16.1,16.1,16.1,16.1,14.937,2000
9/19/2014,16.1,16.129999,16.1,16.129999,14.964829,900
9/22/2014,16.17,16.17,16.17,16.17,15.00194,1200
9/23/2014,16.219999,16.23,16.209999,16.23,15.057608,2500
9/24/2014,16.200001,16.200001,16.200001,16.200001,15.029776,3600
9/25/2014,16.190001,16.200001,16.190001,16.200001,15.062318,6500
9/26/2014,16.200001,16.200001,16.200001,16.200001,15.062318,0
9/29/2014,16.209999,16.23,16.209999,16.23,15.090207,1700
9/30/2014,16.219999,16.219999,16.219999,16.219999,15.080911,1100
10/1/2014,16.24,16.27,16.24,16.27,15.127405,3000
10/2/2014,16.280001,16.280001,16.280001,16.280001,15.136698,1800
10/3/2014,16.24,16.24,16.23,16.23,15.090207,1400
10/6/2014,16.24,16.25,16.24,16.25,15.108806,1300
10/7/2014,16.32,16.32,16.32,16.32,15.173889,400
10/8/2014,16.32,16.32,16.32,16.32,15.173889,0
10/9/2014,16.35,16.35,16.35,16.35,15.20178,1300
10/10/2014,16.34,16.34,16.34,16.34,15.192483,2900
10/14/2014,16.4,16.4,16.4,16.4,15.248269,1300
10/15/2014,16.51,16.549999,16.469999,16.469999,15.313358,7600
10/16/2014,16.5,16.5,16.43,16.440001,15.285461,8300
10/17/2014,16.41,16.41,16.389999,16.41,15.257567,1400
10/20/2014,16.43,16.450001,16.43,16.450001,15.294759,13300
10/21/2014,16.41,16.42,16.41,16.42,15.266866,4500
10/22/2014,16.389999,16.41,16.379999,16.41,15.257567,6100
10/23/2014,16.370001,16.379999,16.370001,16.370001,15.220379,7000
10/24/2014,16.389999,16.389999,16.370001,16.370001,15.252991,2000
10/27/2014,16.370001,16.370001,16.360001,16.360001,15.243674,1800
10/28/2014,16.299999,16.299999,16.299999,16.299999,15.220329,900
10/29/2014,16.280001,16.280001,16.280001,16.280001,15.201652,2800
10/30/2014,16.299999,16.299999,16.290001,16.290001,15.210993,600
10/31/2014,16.27,16.280001,16.26,16.280001,15.201652,4300
11/3/2014,16.290001,16.290001,16.290001,16.290001,15.210993,500
11/4/2014,16.290001,16.290001,16.290001,16.290001,15.210993,0
11/5/2014,16.309999,16.309999,16.309999,16.309999,15.229667,2600
11/6/2014,16.299999,16.299999,16.280001,16.280001,15.201652,2700
11/7/2014,16.280001,16.299999,16.280001,16.299999,15.220329,4100
11/10/2014,16.299999,16.309999,16.280001,16.299999,15.220329,5300
11/11/2014,null,null,null,null,15.22033,null
11/12/2014,16.299999,16.299999,16.290001,16.290001,15.210993,1000
11/13/2014,16.309999,16.309999,16.309999,16.309999,15.229667,3300
11/14/2014,16.290001,16.309999,16.290001,16.309999,15.229667,400
11/17/2014,16.34,16.34,16.34,16.34,15.257679,600
11/18/2014,16.370001,16.370001,16.370001,16.370001,15.285693,1200
11/19/2014,16.34,16.34,16.33,16.33,15.248342,1200
11/20/2014,16.35,16.35,16.35,16.35,15.267019,3700
11/21/2014,16.33,16.360001,16.33,16.360001,15.276359,500
11/24/2014,16.309999,16.309999,16.309999,16.309999,15.262315,2000
11/25/2014,16.35,16.35,16.34,16.34,15.290392,800
11/26/2014,16.4,16.4,16.4,16.4,15.346539,1300
11/27/2014,16.4,16.4,16.4,16.4,15.346539,0
11/28/2014,16.440001,16.440001,16.440001,16.440001,15.383968,400
12/1/2014,16.459999,16.459999,16.43,16.43,15.374607,2100
12/2/2014,16.4,16.4,16.379999,16.379999,15.32782,3500
12/3/2014,16.360001,16.360001,16.360001,16.360001,15.309106,1700
12/4/2014,16.4,16.42,16.4,16.42,15.365252,900
12/5/2014,16.379999,16.379999,16.379999,16.379999,15.32782,1500
12/8/2014,16.4,16.43,16.4,16.43,15.374607,3000
12/9/2014,16.440001,16.469999,16.440001,16.440001,15.383968,2200
12/10/2014,16.49,16.49,16.49,16.49,15.430753,300
12/11/2014,16.48,16.48,16.48,16.48,15.4214,1200
12/12/2014,16.549999,16.57,16.549999,16.57,15.505616,2100
12/15/2014,16.57,16.57,16.57,16.57,15.505616,300
12/16/2014,16.57,16.57,16.57,16.57,15.505616,500
12/17/2014,16.57,16.57,16.57,16.57,15.505616,16600
12/18/2014,16.49,16.49,16.469999,16.469999,15.412045,3400
12/19/2014,16.5,16.5,16.5,16.5,15.440114,1300
12/22/2014,16.530001,16.530001,16.530001,16.530001,15.468191,500
12/23/2014,16.48,16.48,16.41,16.41,15.355892,9800
12/24/2014,16.389999,16.389999,16.379999,16.379999,15.360584,1200
12/29/2014,16.459999,16.459999,16.459999,16.459999,15.435605,1600
12/30/2014,16.51,16.51,16.51,16.51,15.482498,1200
12/31/2014,16.52,16.52,16.52,16.52,15.491872,200
1/2/2015,16.530001,16.559999,16.530001,16.559999,15.529377,4000
1/5/2015,16.57,16.620001,16.57,16.620001,15.585645,4800
1/6/2015,16.67,16.68,16.66,16.66,15.623153,2700
1/7/2015,16.639999,16.68,16.639999,16.68,15.641911,14500
1/8/2015,16.65,16.65,16.620001,16.620001,15.585645,9400
1/9/2015,16.639999,16.66,16.639999,16.66,15.623153,1500
1/12/2015,16.700001,16.73,16.700001,16.73,15.688801,5700
1/13/2015,16.719999,16.74,16.719999,16.74,15.698181,2000
1/14/2015,16.790001,16.82,16.790001,16.809999,15.76382,2000
1/15/2015,16.790001,16.870001,16.790001,16.870001,15.82009,28700
1/16/2015,16.860001,16.860001,16.82,16.82,15.773204,4700
1/19/2015,16.85,16.85,16.83,16.84,15.791956,5100
1/20/2015,16.85,16.879999,16.85,16.85,15.801335,5800
1/21/2015,16.969999,17.02,16.969999,16.99,15.932614,2200
1/22/2015,17.02,17.02,16.99,17,15.941999,13800
1/23/2015,17.030001,17.030001,17.030001,17.030001,15.970136,600
1/26/2015,17.08,17.08,17.07,17.08,16.017023,2600
1/27/2015,17.1,17.15,17.09,17.09,16.059305,14600
1/28/2015,17.09,17.110001,17.09,17.110001,16.078094,17400
1/29/2015,17.15,17.16,17.139999,17.16,16.125084,5000
1/30/2015,17.24,17.25,17.24,17.25,16.209656,3600
2/2/2015,17.24,17.27,17.24,17.27,16.228451,2900
2/3/2015,17.26,17.26,17.25,17.25,16.209656,7100
2/4/2015,17.200001,17.25,17.200001,17.25,16.209656,6500
2/5/2015,17.23,17.23,17.190001,17.190001,16.153278,17300
2/6/2015,17.129999,17.129999,17.1,17.1,16.068701,2900
2/9/2015,17.129999,17.129999,17.110001,17.110001,16.078094,3200
2/10/2015,17.09,17.139999,17.08,17.120001,16.087496,8000
2/11/2015,17.120001,17.139999,17.120001,17.120001,16.087496,10400
2/12/2015,17.110001,17.16,17.110001,17.16,16.125084,8100
2/13/2015,17.139999,17.139999,17.120001,17.129999,16.096889,4700
2/17/2015,17.09,17.09,17.02,17.02,15.993526,6300
2/18/2015,17.049999,17.09,17.049999,17.09,16.059305,4900
2/19/2015,17.09,17.120001,17.09,17.09,16.059305,2400
2/20/2015,17.129999,17.129999,17.129999,17.129999,16.096889,400
2/23/2015,17.17,17.190001,17.17,17.190001,16.153278,900
2/24/2015,17.15,17.16,17.15,17.16,16.15799,2700
2/25/2015,17.16,17.16,17.16,17.16,16.15799,4900
2/26/2015,17.16,17.16,17.16,17.16,16.15799,0
2/27/2015,17.110001,17.110001,17.110001,17.110001,16.110901,0
3/2/2015,17.190001,17.190001,17.110001,17.110001,16.110901,3100
3/3/2015,17.110001,17.110001,17.059999,17.059999,16.063822,8800
3/4/2015,16.969999,16.969999,16.969999,16.969999,15.979074,700
3/5/2015,16.959999,16.959999,16.93,16.93,15.941413,3800
3/6/2015,16.889999,16.889999,16.860001,16.870001,15.88492,3000
3/9/2015,16.9,16.93,16.9,16.91,15.922577,5400
3/10/2015,16.93,16.93,16.93,16.93,15.941413,800
3/11/2015,16.959999,16.99,16.959999,16.99,15.997907,2600
3/12/2015,17.01,17.01,17,17,16.007322,700
3/13/2015,17.02,17.02,17,17,16.007322,2500
3/16/2015,17.07,17.07,17.040001,17.040001,16.044991,7700
3/17/2015,17.059999,17.07,17.049999,17.07,16.073238,10500
3/18/2015,17.120001,17.15,17.110001,17.15,16.148565,2600
3/19/2015,17.18,17.18,17.17,17.18,16.176815,7100
3/20/2015,17.200001,17.200001,17.200001,17.200001,16.195648,10400
3/23/2015,17.17,17.190001,17.17,17.190001,16.186234,6800
3/24/2015,17.190001,17.190001,17.18,17.190001,16.186234,7200
3/25/2015,17.190001,17.200001,17.18,17.18,16.176815,1500
3/26/2015,17.049999,17.049999,17,17,16.039999,7800
3/27/2015,17.059999,17.059999,17.059999,17.059999,16.096613,400
3/30/2015,17.1,17.1,17.08,17.08,16.115479,500
3/31/2015,17.07,17.09,17.07,17.09,16.124922,16800
4/1/2015,17.139999,17.16,17.139999,17.15,16.181534,16200
4/2/2015,17.15,17.15,17.15,17.15,16.181534,0
4/6/2015,17.17,17.17,17.15,17.15,16.181534,600
4/7/2015,17.110001,17.110001,17.110001,17.110001,16.143793,200
4/8/2015,17.110001,17.129999,17.110001,17.110001,16.143793,600
4/9/2015,17.139999,17.139999,17.110001,17.110001,16.143793,500
4/10/2015,17.15,17.15,17.1,17.110001,16.143793,2600
4/13/2015,17.120001,17.120001,17.110001,17.110001,16.143793,2400
4/14/2015,17.16,17.16,17.16,17.16,16.190966,400
4/15/2015,17.15,17.15,17.120001,17.120001,16.153227,19100
4/16/2015,17.09,17.110001,17.09,17.110001,16.143793,500
4/17/2015,17.01,17.030001,17.01,17.030001,16.068308,6100
4/20/2015,17.030001,17.030001,17.030001,17.030001,16.068308,0
4/21/2015,16.98,16.99,16.98,16.99,16.030567,2300
4/22/2015,16.940001,16.940001,16.940001,16.940001,15.983389,1600
4/23/2015,16.93,16.959999,16.93,16.959999,16.00226,700
4/24/2015,16.99,17.01,16.99,17.01,16.04944,14500
4/27/2015,16.969999,16.969999,16.93,16.950001,16.025806,4300
4/28/2015,16.92,16.92,16.85,16.85,15.931252,5500
4/29/2015,16.780001,16.809999,16.780001,16.809999,15.89343,900
4/30/2015,16.799999,16.799999,16.799999,16.799999,15.88398,1300
5/1/2015,16.700001,16.700001,16.700001,16.700001,15.789432,200
5/4/2015,16.700001,16.700001,16.700001,16.700001,15.789432,0
5/5/2015,16.67,16.67,16.67,16.67,15.761064,300
5/6/2015,16.6,16.6,16.6,16.6,15.694883,1600
5/7/2015,16.629999,16.68,16.629999,16.68,15.770524,2900
5/8/2015,16.75,16.75,16.700001,16.700001,15.789432,5100
5/11/2015,16.68,16.68,16.6,16.610001,15.704339,1000
5/12/2015,16.59,16.620001,16.59,16.620001,15.713796,1600
5/13/2015,16.690001,16.690001,16.639999,16.639999,15.732702,1800
5/14/2015,16.639999,16.639999,16.639999,16.639999,15.732702,300
5/15/2015,16.67,16.75,16.67,16.75,15.836709,14100
5/19/2015,16.75,16.75,16.59,16.629999,15.723248,3600
5/20/2015,16.629999,16.65,16.629999,16.65,15.742161,1400
5/21/2015,16.65,16.709999,16.65,16.690001,15.779985,8600
5/22/2015,16.66,16.68,16.66,16.67,15.761064,1300
5/25/2015,16.700001,16.700001,16.639999,16.639999,15.732702,4100
5/26/2015,16.629999,16.719999,16.629999,16.719999,15.84166,5600
5/27/2015,16.709999,16.75,16.709999,16.74,15.860614,1700
5/28/2015,16.75,16.76,16.75,16.76,15.879562,2300
5/29/2015,16.799999,16.82,16.799999,16.82,15.936407,900
6/1/2015,16.82,16.82,16.82,16.82,15.936407,1200
6/2/2015,16.75,16.75,16.709999,16.709999,15.832191,18100
6/3/2015,16.66,16.66,16.639999,16.639999,15.765862,800
6/4/2015,16.700001,16.719999,16.690001,16.700001,15.822711,2900
6/5/2015,16.610001,16.610001,16.6,16.6,15.727969,3600
6/8/2015,16.620001,16.620001,16.620001,16.620001,15.746915,100
6/9/2015,16.559999,16.559999,16.540001,16.549999,15.680591,1500
6/10/2015,16.52,16.530001,16.52,16.530001,15.661643,5800
6/11/2015,16.549999,16.549999,16.549999,16.549999,15.680591,100
6/12/2015,16.620001,16.66,16.620001,16.66,15.784815,900
6/15/2015,16.67,16.67,16.65,16.65,15.775341,200
6/16/2015,16.68,16.700001,16.68,16.700001,15.822711,400
6/17/2015,16.66,16.66,16.610001,16.610001,15.737443,200
6/18/2015,16.66,16.66,16.620001,16.639999,15.765862,2500
6/19/2015,16.700001,16.719999,16.690001,16.719999,15.84166,900
6/22/2015,16.690001,16.690001,16.629999,16.629999,15.756388,1700
6/23/2015,16.59,16.629999,16.59,16.6,15.727969,1000
6/24/2015,16.67,16.67,16.65,16.65,15.775341,1200
6/25/2015,16.6,16.6,16.6,16.6,15.761094,200
6/26/2015,16.52,16.52,16.52,16.52,15.685138,1100
6/29/2015,16.620001,16.639999,16.610001,16.639999,15.799078,1100
6/30/2015,16.74,16.77,16.74,16.77,15.922503,2500
7/2/2015,16.75,16.75,16.74,16.75,15.903517,3200
7/3/2015,16.77,16.77,16.77,16.77,15.922503,100
7/6/2015,16.799999,16.83,16.799999,16.83,15.979476,700
7/7/2015,16.950001,16.950001,16.889999,16.889999,16.036442,38600
7/8/2015,16.91,16.950001,16.91,16.950001,16.093414,5600
7/9/2015,16.889999,16.889999,16.870001,16.870001,16.01745,3700
7/10/2015,16.77,16.77,16.76,16.76,15.913013,8700
7/13/2015,16.74,16.74,16.74,16.74,15.894025,100
7/14/2015,16.790001,16.82,16.790001,16.799999,15.950992,2000
7/15/2015,16.85,16.889999,16.85,16.879999,16.026943,1300
7/16/2015,16.9,16.9,16.9,16.9,16.045937,4300
7/17/2015,16.889999,16.9,16.889999,16.9,16.045937,400
7/20/2015,16.879999,16.889999,16.879999,16.889999,16.036442,2200
7/21/2015,16.889999,16.92,16.889999,16.9,16.045937,7700
7/22/2015,16.92,16.92,16.889999,16.9,16.045937,8600
7/23/2015,16.940001,16.98,16.940001,16.98,16.121889,4900
7/24/2015,16.99,16.99,16.969999,16.969999,16.112402,1400
7/27/2015,17.01,17.01,17,17,16.140884,400
7/28/2015,16.91,16.92,16.91,16.92,16.098068,900
7/29/2015,16.9,16.91,16.879999,16.889999,16.069523,4300
7/30/2015,16.889999,16.889999,16.889999,16.889999,16.069523,0
7/31/2015,17,17.02,17,17.02,16.193214,1200
8/4/2015,17.01,17.01,17.01,17.01,16.183699,200
8/5/2015,17.01,17.01,16.98,16.99,16.164667,4200
8/6/2015,16.98,16.99,16.98,16.99,16.164667,900
8/7/2015,16.99,17.02,16.99,17.01,16.183699,700
8/10/2015,16.99,16.99,16.959999,16.969999,16.145641,1800
8/11/2015,17.040001,17.08,17.040001,17.059999,16.231266,5300
8/12/2015,17.059999,17.110001,17.059999,17.059999,16.231266,12400
8/13/2015,17.049999,17.049999,17.049999,17.049999,16.221758,1900
8/14/2015,17.049999,17.059999,17.040001,17.059999,16.231266,5700
8/17/2015,17.1,17.1,17.059999,17.059999,16.231266,7400
8/18/2015,17.059999,17.07,17.049999,17.059999,16.231266,25500
8/19/2015,17.09,17.120001,17.09,17.120001,16.288357,3100
8/20/2015,17.16,17.16,17.15,17.15,16.316895,93900
8/21/2015,17.16,17.190001,17.16,17.18,16.345438,4200
8/24/2015,17.24,17.25,17.17,17.209999,16.373978,17500
8/25/2015,17.110001,17.129999,17.09,17.1,16.269325,163800
8/26/2015,16.940001,17,16.93,16.950001,16.159683,28300
8/27/2015,16.98,16.99,16.950001,16.99,16.197823,1900
8/28/2015,17,17,16.969999,16.969999,16.178751,2800
8/31/2015,17,17,16.93,16.93,16.140621,3500
9/1/2015,16.950001,16.969999,16.93,16.969999,16.178751,10900
9/2/2015,16.940001,16.969999,16.940001,16.969999,16.178751,1500
9/3/2015,16.969999,16.969999,16.93,16.940001,16.150154,7100
9/4/2015,16.950001,16.99,16.92,16.99,16.197823,49900
9/8/2015,16.940001,16.940001,16.91,16.93,16.140621,7800
9/9/2015,16.92,16.92,16.9,16.92,16.131084,1100
9/10/2015,16.91,16.93,16.91,16.93,16.140621,6400
9/11/2015,16.950001,16.959999,16.940001,16.959999,16.169222,1500
9/14/2015,16.98,16.98,16.959999,16.969999,16.178751,2600
9/15/2015,16.950001,16.950001,16.860001,16.870001,16.083414,8700
9/16/2015,16.860001,16.860001,16.809999,16.83,16.045282,11700
9/17/2015,16.790001,16.879999,16.790001,16.879999,16.092941,700
9/18/2015,16.93,16.950001,16.93,16.950001,16.159683,800
9/21/2015,16.93,16.93,16.889999,16.889999,16.102484,8600
9/22/2015,16.940001,16.940001,16.92,16.92,16.131084,5400
9/23/2015,16.91,16.93,16.91,16.92,16.131084,4100
9/24/2015,16.969999,16.969999,16.959999,16.959999,16.169222,2600
9/25/2015,16.860001,16.860001,16.83,16.85,16.094715,3200
9/28/2015,16.9,16.940001,16.9,16.940001,16.180689,2300
9/29/2015,16.93,16.950001,16.92,16.92,16.161577,4300
9/30/2015,16.91,16.91,16.879999,16.889999,16.132925,20000
10/1/2015,16.940001,16.940001,16.889999,16.9,16.142475,119100
10/2/2015,16.98,17.01,16.92,16.92,16.161577,51400
10/5/2015,16.92,16.92,16.879999,16.879999,16.123367,4300
10/6/2015,16.860001,16.889999,16.860001,16.879999,16.123367,23200
10/7/2015,16.870001,16.879999,16.85,16.879999,16.123367,11100
10/8/2015,16.879999,16.879999,16.82,16.82,16.066061,1900
10/9/2015,16.84,16.85,16.84,16.85,16.094715,3700
10/13/2015,16.879999,16.92,16.870001,16.92,16.161577,5700
10/14/2015,16.940001,16.969999,16.940001,16.950001,16.190235,3600
10/15/2015,16.950001,16.950001,16.92,16.93,16.171133,4500
10/16/2015,16.91,16.92,16.9,16.92,16.161577,5000
10/19/2015,16.92,16.92,16.91,16.91,16.152025,3000
10/20/2015,16.860001,16.860001,16.84,16.84,16.085165,2100
10/21/2015,16.93,16.93,16.93,16.93,16.171133,0
10/22/2015,16.889999,16.950001,16.889999,16.950001,16.190235,5400
10/23/2015,16.889999,16.889999,16.879999,16.879999,16.123367,5300
10/26/2015,16.98,16.98,16.92,16.950001,16.190235,94400
10/27/2015,16.959999,16.959999,16.93,16.93,16.201719,22500
10/28/2015,16.940001,16.940001,16.879999,16.889999,16.163443,4700
10/29/2015,16.870001,16.870001,16.83,16.83,16.10602,10600
10/30/2015,16.83,16.83,16.799999,16.82,16.096451,9100
11/2/2015,16.780001,16.790001,16.780001,16.790001,16.067738,3000
11/3/2015,16.74,16.74,16.73,16.74,16.019892,800
11/4/2015,16.74,16.74,16.719999,16.719999,16.00075,3900
11/5/2015,16.709999,16.74,16.709999,16.73,16.010324,24600
11/6/2015,16.629999,16.65,16.629999,16.629999,15.914622,1000
11/9/2015,16.620001,16.620001,16.610001,16.610001,15.895484,2400
11/10/2015,16.639999,16.66,16.639999,16.66,15.943334,3500
11/11/2015,16.690001,16.690001,16.620001,16.690001,15.972038,3200
11/12/2015,16.66,16.66,16.65,16.65,15.933763,700
11/13/2015,16.709999,16.709999,16.709999,16.709999,15.99118,1300
11/16/2015,16.75,16.75,16.709999,16.719999,16.00075,2300
11/17/2015,16.690001,16.709999,16.690001,16.700001,15.981612,2400
11/18/2015,16.75,16.75,16.700001,16.719999,16.00075,1300
11/19/2015,16.75,16.75,16.75,16.75,16.029461,2000
11/20/2015,16.73,16.74,16.73,16.74,16.019892,3100
11/23/2015,16.74,16.76,16.74,16.75,16.029461,5600
11/24/2015,16.75,16.77,16.75,16.76,16.03903,4600
11/25/2015,16.74,16.74,16.73,16.74,16.050537,3500
11/26/2015,16.77,16.77,16.77,16.77,16.0793,800
11/27/2015,16.77,16.77,16.76,16.76,16.069715,1200
11/30/2015,16.75,16.76,16.75,16.76,16.069715,3800
12/1/2015,16.82,16.83,16.809999,16.809999,16.117649,5600
12/2/2015,16.809999,16.809999,16.809999,16.809999,16.117649,2400
12/3/2015,16.76,16.76,16.68,16.700001,16.012186,5300
12/4/2015,16.700001,16.77,16.700001,16.75,16.060123,3300
12/7/2015,16.82,16.82,16.82,16.82,16.127241,2000
12/8/2015,16.84,16.85,16.82,16.82,16.127241,17300
12/9/2015,16.799999,16.860001,16.799999,16.860001,16.165596,3000
12/10/2015,16.860001,16.860001,16.85,16.85,16.156004,600
12/11/2015,16.92,16.92,16.92,16.92,16.223122,500
12/14/2015,16.879999,16.9,16.85,16.85,16.156004,45200
12/15/2015,16.879999,16.879999,16.82,16.860001,16.165596,3900
12/16/2015,16.84,16.84,16.76,16.799999,16.10807,65500
12/17/2015,16.82,16.92,16.82,16.91,16.213535,5600
12/18/2015,16.950001,16.959999,16.93,16.93,16.232708,3000
12/21/2015,16.959999,16.969999,16.940001,16.940001,16.2423,7800
12/22/2015,16.940001,16.940001,16.93,16.93,16.232708,1000
12/23/2015,16.92,16.940001,16.92,16.940001,16.2423,6400
12/24/2015,16.940001,16.959999,16.940001,16.959999,16.292253,700
12/29/2015,16.950001,16.959999,16.92,16.92,16.253824,1600
12/30/2015,16.950001,16.950001,16.9,16.92,16.253824,1400
12/31/2015,16.93,16.93,16.93,16.93,16.263433,100
1/4/2016,16.940001,16.969999,16.92,16.92,16.253824,3600
1/5/2016,16.889999,16.940001,16.889999,16.940001,16.273039,3100
1/6/2016,16.969999,17,16.969999,17,16.330673,2800
1/7/2016,17,17,16.98,17,16.330673,2900
1/8/2016,17,17.02,17,17.02,16.349884,2000
1/11/2016,17.02,17.030001,16.98,17.030001,16.359501,3000
1/12/2016,16.99,17.07,16.99,17.07,16.397921,2600
1/13/2016,17.059999,17.129999,17.059999,17.129999,16.455561,5700
1/14/2016,17.15,17.15,17.110001,17.129999,16.455561,4400
1/15/2016,17.15,17.23,17.15,17.23,16.55162,51300
1/18/2016,17.18,17.190001,17.17,17.190001,16.513197,19600
1/19/2016,17.15,17.190001,17.129999,17.17,16.493977,14500
1/20/2016,17.23,17.23,17.190001,17.190001,16.513197,2100
1/21/2016,17.120001,17.120001,17.049999,17.07,16.397921,10100
1/22/2016,17.02,17.059999,17.02,17.059999,16.388313,29300
1/25/2016,17.049999,17.09,17.049999,17.09,16.417137,26700
1/26/2016,17.02,17.049999,17.02,17.049999,16.409431,15400
1/27/2016,17.01,17.08,17.01,17.07,16.428679,3100
1/28/2016,17.030001,17.07,17.030001,17.07,16.428679,7800
1/29/2016,17.120001,17.139999,17.08,17.08,16.438303,8100
2/1/2016,17.1,17.1,17.08,17.08,16.438303,31600
2/2/2016,17.18,17.219999,17.17,17.190001,16.544172,15000
2/3/2016,17.17,17.219999,17.15,17.16,16.515306,13200
2/4/2016,17.15,17.18,17.15,17.17,16.524921,5700
2/5/2016,17.15,17.200001,17.129999,17.200001,16.553795,8100
2/8/2016,17.27,17.280001,17.25,17.280001,16.630793,7100
2/9/2016,17.299999,17.299999,17.26,17.26,16.611544,24200
2/10/2016,17.27,17.299999,17.27,17.290001,16.640423,11800
2/11/2016,17.33,17.370001,17.299999,17.299999,16.650042,25200
2/12/2016,17.219999,17.23,17.17,17.18,16.534554,16100
2/16/2016,17.190001,17.190001,17.139999,17.15,16.50568,7000
2/17/2016,17.190001,17.190001,17.09,17.120001,16.47681,9000
2/18/2016,17.139999,17.200001,17.139999,17.200001,16.553795,19100
2/19/2016,17.219999,17.23,17.17,17.190001,16.544172,23300
2/22/2016,17.190001,17.200001,17.17,17.200001,16.553795,32100
2/23/2016,17.190001,17.190001,17.129999,17.17,16.524921,10400
2/24/2016,17.209999,17.219999,17.110001,17.110001,16.497931,28300
2/25/2016,17.129999,17.17,17.129999,17.16,16.546135,25500
2/26/2016,17.09,17.1,17.08,17.09,16.478642,23100
2/29/2016,17.08,17.129999,17.08,17.120001,16.50757,87900
3/1/2016,17.110001,17.110001,17.02,17.049999,16.440071,53200
3/2/2016,17.02,17.040001,17,17.030001,16.420788,27100
3/3/2016,17.040001,17.08,17.040001,17.08,16.469,52400
3/4/2016,17.059999,17.07,17.040001,17.049999,16.440071,22600
3/7/2016,17.040001,17.040001,16.99,17.02,16.411148,29300
3/8/2016,17.120001,17.120001,17.110001,17.120001,16.50757,63400
3/9/2016,17.08,17.08,17.02,17.02,16.411148,24300
3/10/2016,17.030001,17.030001,16.98,17,16.391859,24100
3/11/2016,16.98,16.98,16.92,16.950001,16.343653,18100
3/14/2016,16.969999,16.98,16.940001,16.959999,16.353291,16100
3/15/2016,16.98,16.98,16.950001,16.969999,16.36294,10000
3/16/2016,16.950001,16.99,16.940001,16.98,16.372576,8800
3/17/2016,17.030001,17.040001,17.02,17.02,16.411148,32400
3/18/2016,17.02,17.049999,17.02,17.030001,16.420788,18000
3/21/2016,17.02,17.030001,17.01,17.01,16.401503,21000
3/22/2016,17.049999,17.049999,17.01,17.01,16.401503,12400
3/23/2016,17.02,17.09,17.01,17.09,16.478642,9900
3/24/2016,17.110001,17.110001,17.049999,17.059999,16.449715,700
3/28/2016,17.01,17.049999,17.01,17.040001,16.461308,10700
3/29/2016,17.059999,17.129999,17.059999,17.110001,16.528936,24100
3/30/2016,17.08,17.08,17.030001,17.08,16.499949,21000
3/31/2016,17.07,17.08,17.059999,17.07,16.490292,20100
4/1/2016,17.059999,17.059999,17.01,17.049999,16.47097,22500
4/4/2016,17.059999,17.059999,17.040001,17.059999,16.480627,26000
4/5/2016,17.120001,17.129999,17.1,17.120001,16.538591,8400
4/6/2016,17.1,17.1,17.059999,17.059999,16.480627,21900
4/7/2016,17.09,17.120001,17.09,17.120001,16.538591,10000
4/8/2016,17.07,17.07,17.040001,17.049999,16.47097,13700
4/11/2016,17.01,17.049999,17.01,17.040001,16.461308,13700
4/12/2016,17.01,17.01,16.98,16.98,16.403347,15800
4/13/2016,16.969999,17.040001,16.969999,17.030001,16.451647,14200
4/14/2016,17.01,17.01,16.959999,16.99,16.413006,23100
4/15/2016,17.01,17.02,17,17,16.422667,15700
4/18/2016,17.01,17.01,16.959999,16.99,16.413006,20900
4/19/2016,17,17,16.93,16.969999,16.393686,76600
4/20/2016,16.959999,17,16.950001,16.959999,16.384026,71600
4/21/2016,16.93,16.950001,16.93,16.950001,16.374365,16400
4/22/2016,16.91,16.91,16.879999,16.879999,16.306738,7100
4/25/2016,16.84,16.85,16.84,16.85,16.277758,11300
4/26/2016,16.82,16.82,16.780001,16.809999,16.270016,11400
4/27/2016,16.85,16.870001,16.84,16.870001,16.328093,8700
4/28/2016,16.860001,16.889999,16.860001,16.889999,16.347448,27800
4/29/2016,16.870001,16.889999,16.860001,16.879999,16.337769,19100
5/2/2016,16.860001,16.870001,16.84,16.84,16.299053,10000
5/3/2016,16.93,16.950001,16.93,16.950001,16.405521,1100
5/4/2016,16.969999,17,16.950001,17,16.453913,20400
5/5/2016,16.99,17.030001,16.99,17.030001,16.48295,41900
5/6/2016,17.040001,17.08,17.030001,17.049999,16.50231,6200
5/9/2016,17.059999,17.09,17.049999,17.09,16.541029,26200
5/10/2016,17.09,17.1,17.08,17.09,16.541029,14500
5/11/2016,17.110001,17.120001,17.09,17.1,16.550705,25800
5/12/2016,17.059999,17.08,17.049999,17.08,16.531343,146900
5/13/2016,17.08,17.129999,17.08,17.120001,16.570059,41500
5/16/2016,17.1,17.1,17.07,17.07,16.521664,11700
5/17/2016,17.1,17.110001,17.09,17.09,16.541029,19000
5/18/2016,17.07,17.07,17.01,17.01,16.463591,24700
5/19/2016,17.040001,17.059999,17.030001,17.059999,16.511986,8500
5/20/2016,17.030001,17.030001,17.030001,17.030001,16.48295,200
5/24/2016,17.049999,17.049999,17.02,17.030001,16.513983,11300
5/25/2016,17.030001,17.040001,17,17.01,16.494593,14100
5/26/2016,17.01,17.049999,17.01,17.040001,16.554817,21300
5/27/2016,17.030001,17.030001,17,17,16.515959,27600
5/30/2016,16.99,17.01,16.99,17.01,16.525677,3400
5/31/2016,16.99,17.059999,16.99,17.049999,16.564535,22000
6/1/2016,17.08,17.08,17.059999,17.059999,16.574255,6300
6/2/2016,17.110001,17.120001,17.110001,17.120001,16.632547,9800
6/3/2016,17.200001,17.200001,17.18,17.190001,16.70055,23700
6/6/2016,17.18,17.18,17.139999,17.139999,16.651974,38300
6/7/2016,17.16,17.17,17.15,17.15,16.66169,11200
6/8/2016,17.16,17.190001,17.16,17.17,16.68112,18700
6/9/2016,17.209999,17.209999,17.190001,17.190001,16.70055,10400
6/10/2016,17.23,17.26,17.23,17.25,16.758844,25100
6/13/2016,17.26,17.26,17.26,17.26,16.76856,400
6/14/2016,17.27,17.27,17.25,17.25,16.758844,41700
6/15/2016,17.280001,17.299999,17.280001,17.299999,16.807419,12700
6/16/2016,17.299999,17.33,17.26,17.27,16.778271,25100
6/17/2016,17.25,17.25,17.24,17.25,16.758844,26000
6/20/2016,17.17,17.18,17.17,17.17,16.68112,9200
6/21/2016,17.16,17.16,17.1,17.1,16.613115,16500
6/22/2016,17.120001,17.129999,17.110001,17.129999,16.642258,22300
6/23/2016,17.059999,17.07,17.049999,17.059999,16.574255,58400
6/24/2016,17.16,17.219999,17.16,17.200001,16.710268,23300
6/27/2016,17.23,17.27,17.23,17.27,16.806608,11900
6/28/2016,17.27,17.280001,17.25,17.27,16.806608,8100
6/29/2016,17.25,17.26,17.23,17.23,16.767683,9300
6/30/2016,17.27,17.33,17.27,17.33,16.865,7400
7/4/2016,17.309999,17.309999,17.299999,17.309999,16.845535,3000
7/5/2016,17.35,17.370001,17.35,17.35,16.884462,18600
7/6/2016,17.370001,17.389999,17.370001,17.379999,16.913654,9600
7/7/2016,17.34,17.389999,17.34,17.389999,16.923389,35600
7/8/2016,17.370001,17.41,17.370001,17.41,16.94285,4800
7/11/2016,17.389999,17.389999,17.389999,17.389999,16.923389,9300
7/12/2016,17.32,17.32,17.290001,17.290001,16.826077,4000
7/13/2016,17.370001,17.370001,17.34,17.34,16.874733,15900
7/14/2016,17.280001,17.309999,17.280001,17.299999,16.835804,9800
7/15/2016,17.23,17.23,17.23,17.23,16.767683,4600
7/18/2016,17.24,17.25,17.23,17.25,16.787149,25500
7/19/2016,17.27,17.280001,17.26,17.27,16.806608,10200
7/20/2016,17.24,17.24,17.200001,17.219999,16.757946,18100
7/21/2016,17.200001,17.25,17.200001,17.25,16.787149,18900
7/22/2016,17.27,17.27,17.25,17.26,16.796879,7500
7/25/2016,17.24,17.25,17.24,17.25,16.787149,4900
7/26/2016,17.24,17.24,17.190001,17.200001,16.766678,13500
7/27/2016,17.219999,17.26,17.219999,17.26,16.825163,6700
7/28/2016,17.23,17.23,17.23,17.23,16.795921,100
7/29/2016,17.280001,17.33,17.280001,17.33,16.8934,9100
8/2/2016,17.209999,17.27,17.209999,17.26,16.825163,15500
8/3/2016,17.23,17.23,17.200001,17.219999,16.786171,11400
8/4/2016,17.280001,17.280001,17.280001,17.280001,16.84466,6400
8/5/2016,17.309999,17.309999,17.280001,17.280001,16.84466,28600
8/8/2016,17.26,17.280001,17.26,17.280001,16.84466,4000
8/9/2016,17.32,17.34,17.32,17.33,16.8934,14900
8/10/2016,17.33,17.35,17.33,17.35,16.912897,28600
8/11/2016,17.33,17.33,17.290001,17.290001,16.85441,8300
8/12/2016,17.33,17.33,17.309999,17.32,16.883656,19200
8/15/2016,17.290001,17.290001,17.27,17.27,16.834917,26400
8/16/2016,17.26,17.26,17.25,17.25,16.815414,16000
8/17/2016,17.24,17.26,17.24,17.26,16.825163,7800
8/18/2016,17.26,17.280001,17.26,17.27,16.834917,9400
8/19/2016,17.24,17.25,17.219999,17.25,16.815414,3600
8/22/2016,17.27,17.309999,17.27,17.290001,16.85441,16100
8/23/2016,17.32,17.32,17.309999,17.309999,16.873907,5600
8/24/2016,17.290001,17.309999,17.290001,17.299999,16.864151,18900
8/25/2016,17.280001,17.280001,17.27,17.280001,16.84466,14900
8/26/2016,17.24,17.24,17.190001,17.190001,16.785093,8600
8/29/2016,17.23,17.25,17.23,17.25,16.843683,79400
8/30/2016,17.280001,17.280001,17.27,17.27,16.863211,3600
8/31/2016,17.280001,17.290001,17.280001,17.280001,16.872974,15700
9/1/2016,17.280001,17.309999,17.280001,17.309999,16.902269,10100
9/2/2016,17.25,17.27,17.23,17.27,16.863211,6500
9/6/2016,17.23,17.280001,17.23,17.27,16.863211,63100
9/7/2016,17.299999,17.309999,17.290001,17.309999,16.902269,58400
9/8/2016,17.24,17.24,17.200001,17.200001,16.794861,11900
9/9/2016,17.190001,17.190001,17.15,17.15,16.746042,14100
9/12/2016,17.139999,17.15,17.139999,17.15,16.746042,3000
9/13/2016,17.120001,17.120001,17.049999,17.059999,16.658159,13400
9/14/2016,17.110001,17.120001,17.110001,17.120001,16.716747,8300
9/15/2016,17.110001,17.110001,17.1,17.110001,16.706982,1700
9/16/2016,17.1,17.110001,17.1,17.110001,16.706982,8800
9/19/2016,17.1,17.129999,17.1,17.129999,16.726507,6100
9/20/2016,17.16,17.16,17.16,17.16,16.755798,2400
9/21/2016,17.120001,17.16,17.120001,17.15,16.746042,1400
9/22/2016,17.190001,17.219999,17.190001,17.219999,16.81439,2400
9/23/2016,17.27,17.309999,17.26,17.299999,16.892504,26300
9/26/2016,17.32,17.35,17.309999,17.33,16.921799,16900
9/27/2016,17.34,17.35,17.33,17.33,16.950165,6000
9/28/2016,17.34,17.360001,17.309999,17.309999,16.930599,21900
9/29/2016,17.34,17.34,17.33,17.33,16.950165,9100
9/30/2016,17.309999,17.32,17.299999,17.299999,16.920822,52000
10/3/2016,17.299999,17.299999,17.27,17.27,16.891479,2800
10/4/2016,17.26,17.26,17.23,17.23,16.852354,96800
10/5/2016,17.209999,17.209999,17.209999,17.209999,16.832796,1000
10/6/2016,17.209999,17.209999,17.209999,17.209999,16.832796,0
10/7/2016,17.15,17.15,17.15,17.15,16.774107,11400
10/11/2016,17.110001,17.110001,17.08,17.09,16.715422,73300
10/12/2016,17.059999,17.08,17.059999,17.07,16.69586,39900
10/13/2016,17.1,17.1,17.1,17.1,16.725203,2800
10/14/2016,17.09,17.09,17.040001,17.040001,16.666517,20300
10/17/2016,17.049999,17.09,17.049999,17.08,16.705643,17900
10/18/2016,17.049999,17.1,17.049999,17.09,16.715422,18500
10/19/2016,17.1,17.129999,17.1,17.120001,16.744766,37200
10/20/2016,17.139999,17.15,17.139999,17.15,16.774107,65800
10/21/2016,17.200001,17.209999,17.200001,17.209999,16.832796,13200
10/24/2016,17.200001,17.200001,17.17,17.190001,16.813232,60700
10/25/2016,17.190001,17.200001,17.190001,17.190001,16.813232,15700
10/26/2016,17.139999,17.139999,17.120001,17.139999,16.792656,32300
10/27/2016,17.07,17.07,17.049999,17.059999,16.714277,20600
10/28/2016,17.059999,17.07,17.049999,17.07,16.724075,12500
10/31/2016,17.09,17.09,17.07,17.09,16.743673,26100
11/1/2016,17.059999,17.08,17.059999,17.08,16.733877,27200
11/2/2016,17.1,17.110001,17.1,17.110001,16.763271,4700
11/3/2016,17.08,17.09,17.08,17.09,16.743673,5400
11/4/2016,17.120001,17.129999,17.110001,17.129999,16.782856,13100
11/7/2016,17.07,17.07,17.049999,17.049999,16.704481,2400
11/8/2016,17.059999,17.059999,17.01,17.01,16.665291,20200
11/9/2016,16.98,16.99,16.92,16.92,16.577114,50900
11/10/2016,16.84,16.860001,16.83,16.860001,16.518332,25400
11/11/2016,16.879999,16.9,16.879999,16.9,16.557524,8600
11/14/2016,16.719999,16.74,16.709999,16.719999,16.381168,51400
11/15/2016,16.73,16.75,16.719999,16.719999,16.381168,26000
11/16/2016,16.74,16.75,16.73,16.75,16.410559,18900
11/17/2016,16.719999,16.74,16.719999,16.719999,16.381168,9700
11/18/2016,16.709999,16.709999,16.700001,16.709999,16.37137,8400
11/21/2016,16.700001,16.709999,16.68,16.68,16.341974,30300
11/22/2016,16.74,16.74,16.74,16.74,16.400761,9200
11/23/2016,16.700001,16.700001,16.68,16.690001,16.35178,11300
11/24/2016,16.68,16.709999,16.68,16.709999,16.37137,11700
11/25/2016,16.67,16.690001,16.67,16.68,16.370392,16400
11/28/2016,16.700001,16.73,16.700001,16.719999,16.409647,3200
11/29/2016,16.68,16.709999,16.67,16.709999,16.399832,1200
11/30/2016,16.639999,16.66,16.639999,16.66,16.350761,11600
12/1/2016,16.549999,16.57,16.52,16.57,16.262434,2900
12/2/2016,16.620001,16.639999,16.610001,16.610001,16.301689,14500
12/5/2016,16.58,16.620001,16.57,16.620001,16.311504,11600
12/6/2016,16.610001,16.610001,16.610001,16.610001,16.301689,1900
12/7/2016,16.639999,16.639999,16.639999,16.639999,16.331133,10100
12/8/2016,16.6,16.610001,16.6,16.610001,16.301689,3000
12/9/2016,16.58,16.58,16.5,16.5,16.193731,23400
12/12/2016,16.5,16.51,16.49,16.5,16.193731,47100
12/13/2016,16.549999,16.549999,16.48,16.48,16.174099,24100
12/14/2016,16.540001,16.540001,16.530001,16.530001,16.223175,2100
12/15/2016,16.42,16.42,16.41,16.41,16.105402,11200
12/16/2016,16.389999,16.43,16.389999,16.43,16.125032,10200
12/19/2016,16.459999,16.459999,16.440001,16.440001,16.134848,1100
12/20/2016,16.450001,16.450001,16.42,16.450001,16.144659,8100
12/21/2016,16.450001,16.450001,16.450001,16.450001,16.144659,0
12/22/2016,16.43,16.440001,16.42,16.440001,16.134848,2800
12/23/2016,16.440001,16.440001,16.440001,16.440001,16.167299,5400
12/28/2016,16.450001,16.49,16.440001,16.49,16.216465,4100
12/29/2016,16.51,16.51,16.51,16.51,16.236139,5100
12/30/2016,16.51,16.530001,16.48,16.48,16.206633,2000
1/3/2017,16.450001,16.49,16.450001,16.49,16.216465,24800
1/4/2017,16.52,16.52,16.52,16.52,16.245968,11200
1/5/2017,16.549999,16.549999,16.549999,16.549999,16.275471,1000
1/6/2017,16.530001,16.530001,16.5,16.5,16.226307,13900
1/9/2017,16.549999,16.559999,16.540001,16.540001,16.26564,5700
1/10/2017,16.57,16.57,16.559999,16.559999,16.285307,16100
1/11/2017,16.59,16.59,16.57,16.57,16.295139,1000
1/12/2017,16.58,16.58,16.57,16.58,16.304974,2600
1/13/2017,16.5,16.52,16.49,16.5,16.226307,3400
1/16/2017,16.549999,16.549999,16.549999,16.549999,16.275471,200
1/17/2017,16.6,16.6,16.559999,16.559999,16.285307,5300
1/18/2017,16.549999,16.549999,16.52,16.530001,16.25581,3200
1/19/2017,16.5,16.5,16.469999,16.469999,16.1968,1600
1/20/2017,16.5,16.51,16.49,16.49,16.216465,12600
1/23/2017,16.549999,16.559999,16.51,16.540001,16.26564,17000
1/24/2017,16.51,16.51,16.51,16.51,16.236139,1000
1/25/2017,16.440001,16.450001,16.440001,16.440001,16.167299,13800
1/26/2017,16.43,16.43,16.42,16.43,16.185032,32200
1/27/2017,16.459999,16.469999,16.450001,16.469999,16.224428,3800
1/30/2017,16.459999,16.459999,16.450001,16.459999,16.214581,7200
1/31/2017,16.450001,16.5,16.450001,16.5,16.253981,13600
2/1/2017,16.459999,16.459999,16.459999,16.459999,16.214581,1500
2/2/2017,16.530001,16.530001,16.469999,16.49,16.244135,7200
2/3/2017,16.51,16.51,16.469999,16.48,16.234287,18500
2/6/2017,16.540001,16.549999,16.540001,16.549999,16.30324,23800
2/7/2017,16.559999,16.58,16.549999,16.549999,16.30324,6600
2/8/2017,16.629999,16.629999,16.620001,16.620001,16.372194,30200
2/9/2017,16.620001,16.620001,16.58,16.58,16.33279,3900
2/10/2017,16.549999,16.559999,16.549999,16.559999,16.313089,15100
2/13/2017,16.52,16.530001,16.5,16.51,16.263838,23900
2/14/2017,16.48,16.48,16.48,16.48,16.234287,3900
2/15/2017,16.469999,16.469999,16.459999,16.469999,16.224428,6700
2/16/2017,16.49,16.51,16.49,16.5,16.253981,3600
2/17/2017,16.540001,16.57,16.540001,16.559999,16.313089,16400
2/21/2017,16.49,16.530001,16.49,16.52,16.273689,32600
2/22/2017,16.530001,16.530001,16.530001,16.530001,16.283539,1300
2/23/2017,16.559999,16.559999,16.540001,16.559999,16.340769,5700
2/24/2017,16.59,16.620001,16.59,16.620001,16.399979,8100
2/27/2017,16.610001,16.610001,16.559999,16.559999,16.340769,4000
2/28/2017,16.6,16.610001,16.59,16.6,16.380239,35400
3/1/2017,16.51,16.52,16.51,16.52,16.3013,1400
3/2/2017,16.540001,16.540001,16.51,16.530001,16.311171,13800
3/3/2017,16.51,16.51,16.51,16.51,16.291431,600
3/6/2017,16.549999,16.549999,16.52,16.540001,16.321035,9600
3/7/2017,16.52,16.52,16.49,16.51,16.291431,3300
3/8/2017,16.42,16.459999,16.42,16.459999,16.242096,7800
3/9/2017,16.459999,16.459999,16.43,16.440001,16.222357,6300
3/10/2017,16.43,16.43,16.389999,16.42,16.202621,2500
3/13/2017,16.35,16.379999,16.35,16.379999,16.163153,1600
3/14/2017,16.379999,16.389999,16.379999,16.389999,16.173018,15300
3/15/2017,16.41,16.450001,16.41,16.450001,16.232227,2100
3/16/2017,16.450001,16.450001,16.43,16.43,16.212494,2000
3/17/2017,16.49,16.49,16.49,16.49,16.2717,400
3/20/2017,16.49,16.52,16.48,16.51,16.291431,24200
3/21/2017,16.469999,16.540001,16.469999,16.540001,16.321035,38900
3/22/2017,16.57,16.58,16.549999,16.559999,16.340769,51300
3/23/2017,16.58,16.58,16.559999,16.57,16.350639,1300
3/24/2017,16.57,16.59,16.57,16.59,16.370373,900
3/27/2017,16.65,16.65,16.639999,16.639999,16.41971,19700
3/28/2017,16.620001,16.620001,16.6,16.6,16.40785,25000
3/29/2017,16.6,16.629999,16.6,16.610001,16.417734,7300
3/30/2017,16.629999,16.629999,16.59,16.59,16.397968,1200
3/31/2017,16.58,16.59,16.57,16.59,16.397968,5700
4/3/2017,16.629999,16.629999,16.629999,16.629999,16.437504,4700
4/4/2017,16.67,16.67,16.629999,16.629999,16.437504,900
4/5/2017,16.620001,16.65,16.620001,16.65,16.457272,2600
4/6/2017,16.690001,16.690001,16.66,16.68,16.486927,2400
4/7/2017,16.690001,16.690001,16.620001,16.639999,16.447386,11100
4/10/2017,16.620001,16.620001,16.620001,16.620001,16.42762,4400
4/11/2017,16.68,16.68,16.66,16.67,16.477037,3900
4/12/2017,16.690001,16.700001,16.690001,16.700001,16.506691,800
4/13/2017,16.75,16.76,16.75,16.76,16.566,8800
4/17/2017,16.75,16.75,16.73,16.75,16.556114,3000
4/18/2017,16.790001,16.799999,16.790001,16.790001,16.595652,27000
4/19/2017,16.77,16.780001,16.77,16.780001,16.585768,5300
4/20/2017,16.780001,16.780001,16.780001,16.780001,16.585768,0
4/21/2017,16.780001,16.780001,16.780001,16.780001,16.585768,400
4/24/2017,16.73,16.75,16.73,16.74,16.54623,10400
4/25/2017,16.709999,16.709999,16.68,16.68,16.514545,17500
4/26/2017,16.709999,16.719999,16.709999,16.719999,16.55415,1300
4/27/2017,16.75,16.75,16.73,16.73,16.564053,1600
4/28/2017,16.74,16.780001,16.74,16.780001,16.613554,10800
5/1/2017,16.77,16.77,16.75,16.75,16.583855,21500
5/2/2017,16.780001,16.82,16.780001,16.82,16.653158,6300
5/3/2017,16.77,16.809999,16.77,16.809999,16.643257,9700
5/4/2017,16.76,16.809999,16.76,16.809999,16.643257,29000
5/5/2017,16.76,16.790001,16.76,16.790001,16.623459,18600
5/8/2017,16.790001,16.790001,16.76,16.76,16.593754,7200
5/9/2017,16.700001,16.719999,16.700001,16.719999,16.55415,34300
5/10/2017,16.719999,16.719999,16.719999,16.719999,16.55415,0
5/11/2017,16.75,16.75,16.73,16.74,16.573952,600
5/12/2017,16.76,16.780001,16.76,16.780001,16.613554,5900
5/15/2017,16.75,16.75,16.75,16.75,16.583855,30000
5/16/2017,16.77,16.780001,16.76,16.77,16.603655,16900
5/17/2017,16.82,16.91,16.82,16.889999,16.722466,6300
5/18/2017,16.889999,16.9,16.85,16.9,16.732365,15400
5/19/2017,16.879999,16.879999,16.870001,16.879999,16.712561,8200
5/23/2017,16.879999,16.879999,16.85,16.85,16.682863,49100
5/24/2017,16.84,16.84,16.82,16.82,16.653158,26200
5/25/2017,16.860001,16.870001,16.85,16.870001,16.702663,10000
5/26/2017,16.870001,16.870001,16.870001,16.870001,16.730433,0
5/29/2017,16.83,16.870001,16.83,16.870001,16.730433,4300
5/30/2017,16.870001,16.870001,16.870001,16.870001,16.730433,2100
5/31/2017,16.889999,16.889999,16.860001,16.860001,16.720512,6500
6/1/2017,16.84,16.870001,16.84,16.870001,16.730433,23800
6/2/2017,16.9,16.9,16.889999,16.9,16.760181,1300
6/5/2017,16.9,16.9,16.9,16.9,16.760181,0
6/6/2017,16.9,16.91,16.9,16.9,16.760181,50100
6/7/2017,16.889999,16.889999,16.889999,16.889999,16.750263,26000
6/8/2017,16.860001,16.879999,16.860001,16.860001,16.720512,24700
6/9/2017,16.84,16.860001,16.84,16.860001,16.720512,36200
6/12/2017,16.84,16.84,16.780001,16.780001,16.641174,14700
6/13/2017,16.700001,16.719999,16.67,16.68,16.542002,31500
6/14/2017,16.73,16.75,16.73,16.75,16.611422,5200
6/15/2017,16.719999,16.719999,16.719999,16.719999,16.581673,10700
6/16/2017,16.719999,16.719999,16.719999,16.719999,16.581673,0
6/19/2017,16.709999,16.709999,16.690001,16.690001,16.551922,6100
6/20/2017,16.709999,16.74,16.709999,16.73,16.591589,29400
6/21/2017,16.719999,16.75,16.719999,16.74,16.601505,2800
6/22/2017,16.709999,16.73,16.709999,16.73,16.591589,8900
6/23/2017,16.74,16.76,16.74,16.76,16.621344,10000
6/26/2017,16.77,16.780001,16.75,16.780001,16.641174,6300
6/27/2017,16.68,16.68,16.629999,16.629999,16.518995,23200
6/28/2017,16.559999,16.559999,16.530001,16.549999,16.439529,14500
6/29/2017,16.459999,16.469999,16.440001,16.459999,16.35013,23600
6/30/2017,16.450001,16.450001,16.41,16.42,16.310398,44000
7/4/2017,16.34,16.34,16.34,16.34,16.230934,1800
7/5/2017,16.360001,16.360001,16.360001,16.360001,16.250799,66500
7/6/2017,16.34,16.35,16.309999,16.34,16.230934,10000
7/7/2017,16.299999,16.299999,16.299999,16.299999,16.1912,3900
7/10/2017,16.32,16.32,16.309999,16.309999,16.201134,27700
7/11/2017,16.32,16.32,16.309999,16.32,16.211065,3600
7/12/2017,16.360001,16.360001,16.299999,16.299999,16.1912,47200
7/13/2017,16.24,16.25,16.219999,16.25,16.141533,15400
7/14/2017,16.280001,16.280001,16.280001,16.280001,16.171333,7900
7/17/2017,16.26,16.280001,16.26,16.280001,16.171333,3900
7/18/2017,16.26,16.309999,16.26,16.299999,16.1912,8500
7/19/2017,16.280001,16.280001,16.26,16.26,16.151466,13700
7/20/2017,16.290001,16.290001,16.290001,16.290001,16.181267,7700
7/21/2017,16.309999,16.309999,16.280001,16.290001,16.181267,12900
7/24/2017,16.24,16.24,16.23,16.23,16.121668,3200
7/25/2017,16.18,16.18,16.129999,16.15,16.0422,2400
7/26/2017,16.17,16.17,16.17,16.17,16.088966,300
7/27/2017,16.18,16.18,16.16,16.16,16.079016,6500
7/28/2017,16.120001,16.120001,16.120001,16.120001,16.039217,6500
7/31/2017,16.09,16.09,16.07,16.07,15.989467,12000
8/1/2017,16.08,16.139999,16.08,16.139999,16.059116,375000
8/2/2017,16.200001,16.24,16.200001,16.219999,16.138714,900
8/3/2017,16.24,16.25,16.24,16.25,16.168564,12000
8/4/2017,16.219999,16.25,16.219999,16.25,16.168564,22600
8/8/2017,16.23,16.24,16.190001,16.209999,16.128763,9900
8/9/2017,16.26,16.26,16.25,16.25,16.168564,4900
8/10/2017,16.26,16.32,16.26,16.32,16.238213,21500
8/11/2017,16.280001,16.32,16.280001,16.32,16.238213,3600
8/14/2017,16.290001,16.299999,16.26,16.290001,16.208364,17200
8/15/2017,16.23,16.27,16.23,16.27,16.188465,16400
8/16/2017,16.23,16.299999,16.23,16.299999,16.218315,6900
8/17/2017,16.280001,16.32,16.280001,16.32,16.238213,15200
8/18/2017,16.309999,16.309999,16.280001,16.280001,16.198414,600
8/21/2017,16.290001,16.290001,16.290001,16.290001,16.208364,5900
8/22/2017,16.25,16.25,16.219999,16.219999,16.138714,1600
8/23/2017,16.25,16.25,16.25,16.25,16.168564,800
8/24/2017,16.25,16.25,16.25,16.25,16.168564,0
8/25/2017,16.25,16.25,16.25,16.25,16.168564,0
8/28/2017,16.26,16.280001,16.26,16.280001,16.225374,29400
8/29/2017,16.32,16.32,16.299999,16.309999,16.255272,6400
8/30/2017,16.299999,16.299999,16.290001,16.299999,16.245306,5700
8/31/2017,16.27,16.27,16.27,16.27,16.215406,4100
9/1/2017,16.200001,16.200001,16.200001,16.200001,16.145643,200
9/5/2017,16.24,16.24,16.24,16.24,16.185509,500
9/6/2017,16.200001,16.200001,16.16,16.16,16.105778,2200
9/7/2017,16.139999,16.190001,16.139999,16.18,16.12571,9200
9/8/2017,16.129999,16.129999,16.129999,16.129999,16.075876,16900
9/11/2017,16.040001,16.08,16.040001,16.059999,16.006111,2600
9/12/2017,16.030001,16.059999,16.030001,16.030001,15.976213,2600
9/13/2017,16.030001,16.030001,16.02,16.02,15.966247,5300
9/14/2017,16.02,16.049999,16.01,16.040001,15.98618,43900
9/15/2017,16.02,16.02,16,16,15.946313,14400
9/18/2017,16,16,16,16,15.946313,400
9/19/2017,16.01,16.030001,16.01,16.030001,15.976213,10000
9/20/2017,16.030001,16.030001,16.02,16.02,15.966247,1800
9/21/2017,16.030001,16.030001,16,16,15.946313,900
9/22/2017,16.02,16.02,16.02,16.02,15.966247,2600
9/25/2017,16.01,16.02,16.01,16.02,15.966247,3000
9/26/2017,16.01,16.02,16.01,16.02,15.966247,8800
9/27/2017,15.96,15.96,15.96,15.96,15.933301,3100
9/28/2017,15.99,15.99,15.99,15.99,15.963251,3500
9/29/2017,16,16,16,16,15.973234,400
10/2/2017,16,16,15.98,15.98,15.953267,4800
10/3/2017,15.99,15.99,15.98,15.99,15.963251,1700
10/4/2017,16,16,15.99,16,15.973234,4400
10/5/2017,16.030001,16.030001,16.01,16.01,15.983217,600
10/6/2017,16.01,16.01,16.01,16.01,15.983217,0
10/10/2017,16.01,16.02,15.99,16.02,15.993201,4200
10/11/2017,16.030001,16.030001,16.030001,16.030001,16.003185,800
10/12/2017,16.030001,16.049999,16.030001,16.049999,16.023149,21400
10/13/2017,16.09,16.09,16.09,16.09,16.063084,1600
10/16/2017,16.120001,16.129999,16.1,16.110001,16.083052,3000
10/17/2017,16.120001,16.120001,16.110001,16.120001,16.093035,3600
10/18/2017,16.110001,16.110001,16.110001,16.110001,16.083052,300
10/19/2017,16.110001,16.110001,16.110001,16.110001,16.083052,900
10/20/2017,16.120001,16.120001,16.1,16.1,16.073067,19900
10/23/2017,16.110001,16.120001,16.110001,16.110001,16.083052,2200
10/24/2017,16.09,16.09,16.09,16.09,16.063084,15200
10/25/2017,16.049999,16.120001,16.049999,16.120001,16.093035,12800
10/26/2017,16.139999,16.139999,16.139999,16.139999,16.112999,14100
10/27/2017,16.139999,16.139999,16.139999,16.139999,16.139999,2200
